"Time_Iter","Outer_Iter","Inner_Iter",    "rms[Rho]"    ,    "rms[RhoU]"   ,    "rms[RhoV]"   ,    "rms[RhoW]"   ,    "rms[RhoE]"   ,     "rms[nu]"    
          0,           0,           0,      -4.455922249,      -9.280824176,      -10.07188228,      -10.04678606,      -3.846666929,      -11.49802438
          0,           0,           1,      -4.887486235,      -4.821526129,      -5.333957775,      -4.565409871,      -4.260547744,      -11.53409261
          0,           0,           2,      -4.927572471,      -4.775215956,      -5.122195917,      -4.835144745,      -4.307828098,      -11.44609168
          0,           0,           3,       -5.00413638,      -4.825918905,      -5.023906736,      -4.854875769,      -4.406528166,      -11.47683911
          0,           0,           4,      -4.993669185,      -4.843334924,      -4.979938974,      -4.823886501,      -4.401370466,      -11.50579965
          0,           0,           5,      -4.995886775,      -4.847744974,      -4.956732656,       -4.80370436,       -4.40023504,      -11.48796585
          0,           0,           6,      -5.018700293,      -4.853694896,       -4.93430717,      -4.800177248,      -4.420013465,      -11.48274802
          0,           0,           7,      -5.043131593,      -4.857926555,      -4.914002562,      -4.809883486,      -4.443187476,      -11.46983246
          0,           0,           8,      -5.055944334,      -4.858312375,      -4.902763845,      -4.825163814,      -4.454366743,      -11.44543755
          0,           0,           9,      -5.058722021,      -4.857942529,      -4.902846762,       -4.83777647,       -4.45312789,      -11.41678375
          0,           0,          10,      -5.060038552,      -4.860755257,      -4.910159509,      -4.845795176,      -4.449465382,      -11.38151417
          0,           0,          11,       -5.06540796,      -4.868519106,      -4.919630499,      -4.852945624,      -4.450950671,      -11.33582918
          0,           0,          12,      -5.075408708,      -4.881429951,      -4.928751913,      -4.863282378,      -4.458998075,      -11.27435548
          0,           0,          13,       -5.08831705,      -4.899009894,      -4.937902402,      -4.878537103,      -4.471672049,      -11.19529096
          0,           0,          14,      -5.102299023,      -4.920364636,      -4.948504933,      -4.898061729,      -4.486233953,      -11.10102923
          0,           0,          15,      -5.115913012,      -4.944192394,       -4.96174448,      -4.919757249,      -4.500156424,      -10.99863056
          0,           0,          16,      -5.129396543,      -4.969710793,      -4.977658105,       -4.94226857,      -4.512896855,      -10.89863692
          0,           0,          17,      -5.143564766,       -4.99627623,       -4.99638829,      -4.964129604,      -4.525601612,      -10.80625462
          0,           0,          18,      -5.158470743,      -5.023932202,      -5.017900571,      -4.984627248,      -4.539216841,      -10.71675798
          0,           0,          19,       -5.17399531,      -5.052801775,      -5.041381625,      -5.004965264,      -4.554066685,       -10.6267413
          0,           0,          20,      -5.191735184,      -5.084048255,      -5.066603874,      -5.025717365,      -4.572217724,      -10.53567574
          0,           0,          21,      -5.210411056,      -5.117815101,      -5.092786881,      -5.047581064,       -4.59212013,      -10.44112003
          0,           0,          22,      -5.227296941,       -5.15360654,      -5.119256881,      -5.070869721,      -4.610733599,      -10.34514014
          0,           0,          23,      -5.242063166,      -5.190945591,      -5.145513275,      -5.095465303,      -4.627215123,      -10.24901684
          0,           0,          24,      -5.254599926,       -5.22905411,      -5.171340669,      -5.121132075,      -4.640914975,       -10.1624612
          0,           0,          25,      -5.265594685,      -5.267423793,      -5.196799939,      -5.147776028,      -4.652317638,      -10.08432485
          0,           0,          26,      -5.276628527,      -5.305959037,      -5.222091957,      -5.175406065,      -4.663236848,      -10.01626963
          0,           0,          27,      -5.289487346,      -5.344625301,      -5.247493704,      -5.204125254,      -4.675828313,      -9.952777581
          0,           0,          28,      -5.304976549,      -5.383085545,      -5.273364103,      -5.234085952,      -4.691097724,       -9.90450979
          0,           0,          29,      -5.323702086,      -5.421325725,      -5.300148754,      -5.265478174,      -4.709599165,       -9.87100814
          0,           0,          30,      -5.345006905,       -5.45899371,      -5.328303412,      -5.298618528,      -4.730656006,      -9.842103709
          0,           0,          31,      -5.370312787,      -5.495453207,      -5.358214169,      -5.333788048,      -4.755709597,      -9.819307197
          0,           0,          32,      -5.398952052,      -5.531057461,      -5.390134798,       -5.37129511,      -4.784236149,      -9.802149087
          0,           0,          33,      -5.431413523,      -5.565932887,      -5.424171625,      -5.411267456,      -4.816703231,      -9.789935084
          0,           0,          34,      -5.468100863,      -5.599848311,      -5.460337857,      -5.453834542,      -4.853559445,      -9.781827184
          0,           0,          35,      -5.507635481,      -5.633725164,      -5.498543624,      -5.499045527,      -4.893403752,      -9.777083559
          0,           0,          36,       -5.55003921,      -5.667972206,      -5.538612263,      -5.546791916,      -4.936226356,      -9.774335003
          0,           0,          37,      -5.593576033,      -5.702153712,      -5.580242756,      -5.596948518,       -4.98039196,      -9.772082714
          0,           0,          38,      -5.637044332,      -5.735532992,      -5.623029106,      -5.649182994,      -5.024776654,      -9.769267043
          0,           0,          39,      -5.679072188,      -5.767407696,      -5.666493675,      -5.703071611,      -5.068087853,       -9.76490934
          0,           0,          40,      -5.718113049,      -5.797070313,      -5.710194445,      -5.757980381,      -5.108714666,      -9.757624257
          0,           0,          41,      -5.752590455,      -5.824307537,      -5.753787934,      -5.813140225,      -5.144869165,      -9.748265491
          0,           0,          42,       -5.78145452,      -5.847931229,      -5.797066031,      -5.867746365,      -5.175175837,      -9.735343407
          0,           0,          43,      -5.804901213,      -5.868423527,      -5.839933396,      -5.921091383,       -5.19952996,      -9.719654312
          0,           0,          44,      -5.824102297,       -5.88496158,      -5.882360517,      -5.972657379,      -5.218967755,      -9.701488227
          0,           0,          45,      -5.841151423,      -5.897928796,      -5.924289148,      -6.022115631,      -5.235642279,      -9.681153371
          0,           0,          46,      -5.858198334,      -5.908118659,      -5.965584218,      -6.069271427,      -5.251932163,      -9.659329661
          0,           0,          47,      -5.876856229,       -5.91604126,      -6.006023385,      -6.113949769,       -5.26970867,      -9.637049812
          0,           0,          48,      -5.898044767,      -5.921934837,      -6.045272454,      -6.155821108,      -5.290102559,      -9.614491644
          0,           0,          49,      -5.921401734,      -5.927899092,         -6.082948,      -6.194096908,      -5.312955174,       -9.59240636
          0,           0,          50,      -5.945291579,      -5.933620351,      -6.118640368,      -6.228059953,      -5.336752948,      -9.571231911
          0,           0,          51,      -5.966176961,      -5.938757373,        -6.1519397,      -6.256611162,      -5.357971623,      -9.551326688
          0,           0,          52,      -5.979781784,      -5.943507508,      -6.182478696,      -6.278907474,      -5.372075683,      -9.532976923
          0,           0,          53,      -5.982534208,      -5.947753369,      -6.209956793,      -6.294203093,      -5.375044767,      -9.516364599
          0,           0,          54,      -5.974004313,      -5.951590643,      -6.234042915,      -6.303180309,      -5.366142142,      -9.501615003
          0,           0,          55,      -5.959561881,      -5.955554983,      -6.254381849,      -6.307765226,      -5.350732452,      -9.488756519
          0,           0,          56,      -5.939286776,      -5.960221833,      -6.270958806,      -6.309094058,      -5.329132012,      -9.477822359
          0,           0,          57,       -5.91620756,      -5.965455196,      -6.283644376,      -6.307598593,      -5.304446669,      -9.468752392
          0,           0,          58,      -5.894660853,      -5.970881725,      -6.292245522,      -6.303316535,      -5.281183078,      -9.461435529
          0,           0,          59,      -5.876672549,      -5.976417975,      -6.297122827,      -6.297542494,      -5.261526339,      -9.455768714
          0,           0,          60,      -5.862406149,       -5.98244974,      -6.298564761,      -6.290902947,       -5.24574354,      -9.451651232
          0,           0,          61,      -5.853830472,       -5.98902644,      -6.296734566,      -6.282999376,      -5.235787951,      -9.448938337
          0,           0,          62,      -5.851261177,      -5.996286658,      -6.292275472,      -6.274693116,       -5.23200052,      -9.447462041
          0,           0,          63,       -5.85632249,      -6.004420591,      -6.285807224,      -6.266444617,      -5.236016345,      -9.447032766
          0,           0,          64,      -5.865338073,      -6.014233393,      -6.278519494,      -6.259006547,      -5.244237048,      -9.447533615
          0,           0,          65,      -5.879025034,      -6.024177088,      -6.270737102,      -6.252301417,       -5.25726771,       -9.44879479
          0,           0,          66,      -5.897075871,      -6.033399359,      -6.263016387,      -6.245984291,      -5.274771937,      -9.450648021
          0,           0,          67,      -5.917297745,      -6.041621966,      -6.255996428,      -6.240553864,      -5.294584663,      -9.452907086
          0,           0,          68,      -5.940578986,      -6.048752961,      -6.249903366,      -6.235974285,      -5.317536464,      -9.455391775
          0,           0,          69,      -5.965575859,      -6.054943216,      -6.244886964,       -6.23207658,      -5.342320703,      -9.458098396
          0,           0,          70,      -5.992055202,      -6.060299487,      -6.241169245,      -6.228911749,      -5.368636318,      -9.460750582
          0,           0,          71,      -6.019343609,      -6.064910186,      -6.238884516,      -6.227039087,      -5.395810245,      -9.463352362
          0,           0,          72,      -6.046916967,      -6.068860917,      -6.238083446,      -6.226425863,      -5.423311483,      -9.465651894
          0,           0,          73,       -6.07404947,      -6.072376595,      -6.238753059,      -6.226827459,      -5.450388765,      -9.467963625
          0,           0,          74,      -6.100281584,      -6.075646865,      -6.240830408,      -6.228163045,      -5.476549394,      -9.469911395
          0,           0,          75,      -6.125397211,      -6.078771475,      -6.244207196,      -6.230245625,      -5.501556299,      -9.471495518
          0,           0,          76,      -6.149262201,      -6.081961949,      -6.248757549,      -6.233089722,      -5.525324128,       -9.47275105
          0,           0,          77,      -6.168620832,      -6.085663676,      -6.254369639,      -6.236760034,      -5.544720461,      -9.473697878
          0,           0,          78,      -6.183579173,      -6.089662905,      -6.260797869,      -6.241148902,      -5.559743585,      -9.474335625
          0,           0,          79,      -6.194455685,      -6.093890198,      -6.267902629,      -6.246001072,      -5.570672595,      -9.474697815
          0,           0,          80,      -6.201094573,      -6.098191861,      -6.275627927,      -6.251061994,      -5.577394275,      -9.474845463
          0,           0,          81,      -6.203583233,      -6.102807581,      -6.283923568,      -6.256313155,      -5.580023582,      -9.474785604
          0,           0,          82,      -6.202812377,      -6.108383544,      -6.292715747,      -6.261786431,      -5.579426614,       -9.47461703
          0,           0,          83,      -6.201577294,      -6.113881084,      -6.301963585,      -6.267673971,      -5.578312749,      -9.474376744
          0,           0,          84,       -6.19961934,      -6.119593179,       -6.31165347,      -6.273985075,      -5.576505875,      -9.474224378
          0,           0,          85,      -6.195934152,      -6.125717226,      -6.321705478,      -6.280553487,      -5.573049886,      -9.474098927
          0,           0,          86,      -6.192365686,      -6.132046696,      -6.331968218,      -6.287171084,      -5.569571708,      -9.474121728
          0,           0,          87,      -6.189800295,      -6.138660895,      -6.342349886,      -6.294035833,      -5.566960258,       -9.47432308
          0,           0,          88,      -6.188968326,      -6.145313417,      -6.352755869,      -6.301194856,      -5.565958605,        -9.4747084
          0,           0,          89,      -6.190411864,      -6.151853068,      -6.363121652,      -6.308524444,      -5.567146718,      -9.475345567
          0,           0,          90,      -6.191830229,      -6.158680181,      -6.373329263,      -6.315863188,      -5.568346973,      -9.476247617
          0,           0,          91,      -6.194087355,      -6.165408998,      -6.383203768,      -6.322899103,      -5.570264586,        -9.4774197
          0,           0,          92,      -6.197903153,      -6.172108467,      -6.392723181,      -6.329570649,      -5.573605184,      -9.478861805
          0,           0,          93,      -6.204204504,      -6.178842195,      -6.401848186,      -6.336022485,      -5.579346344,      -9.480562135
          0,           0,          94,      -6.213774005,      -6.185809915,      -6.410609374,      -6.342614623,      -5.588321428,      -9.482481405
          0,           0,          95,      -6.225333056,      -6.193011087,      -6.419056012,      -6.349455348,      -5.599395564,      -9.484555761
          0,           0,          96,       -6.23856055,      -6.200360567,      -6.427243876,      -6.356385949,      -5.612211855,      -9.486746905
          0,           0,          97,      -6.254050834,      -6.207801903,      -6.435283356,      -6.363297339,      -5.627275513,      -9.489016301
          0,           0,          98,      -6.271249857,      -6.215376063,      -6.443234817,      -6.370377635,      -5.644112799,      -9.491330486
          0,           0,          99,      -6.289155996,      -6.223049832,       -6.45114791,      -6.377672282,      -5.661757952,      -9.493840532
          0,           0,         100,      -6.307652865,       -6.23090018,      -6.459069292,      -6.385087626,      -5.680028263,       -9.49624462
          0,           0,         101,      -6.326733121,      -6.238773969,      -6.467049057,      -6.392532889,      -5.698905049,      -9.498495328
          0,           0,         102,      -6.346267897,      -6.246645791,      -6.475106274,      -6.400078182,      -5.718249956,      -9.500599211
          0,           0,         103,      -6.365765206,      -6.254525573,      -6.483245474,      -6.407791705,      -5.737584568,      -9.502562271
          0,           0,         104,       -6.38566582,      -6.262386171,      -6.491435544,      -6.415659054,       -5.75733639,      -9.504394284
          0,           0,         105,      -6.407810703,      -6.270246907,      -6.499655619,      -6.423666564,      -5.779302032,      -9.506084298
          0,           0,         106,      -6.426325895,      -6.278331589,      -6.508007426,      -6.431772009,      -5.797886334,      -9.507617495
          0,           0,         107,      -6.441853068,      -6.286167053,       -6.51633655,      -6.439754229,      -5.813535724,      -9.508981364
          0,           0,         108,      -6.455763253,      -6.293650629,      -6.524592591,      -6.447717162,      -5.827530316,      -9.510218636
          0,           0,         109,      -6.467324054,      -6.300805399,      -6.532792385,       -6.45556164,      -5.839228134,      -9.511380067
          0,           0,         110,      -6.476241423,      -6.307695348,      -6.540937767,      -6.463188329,      -5.848359955,      -9.512303253
          0,           0,         111,      -6.483066009,      -6.314382331,      -6.549014258,      -6.470652892,      -5.855433318,      -9.513128171
          0,           0,         112,      -6.487537732,      -6.320779005,      -6.556996556,      -6.477851928,      -5.860189628,      -9.513903308
          0,           0,         113,      -6.490535445,      -6.326835191,      -6.564867094,      -6.484884824,      -5.863452728,      -9.514653218
          0,           0,         114,       -6.49378708,      -6.332586324,      -6.572600906,      -6.492102038,      -5.866924793,      -9.515418825
          0,           0,         115,       -6.49593832,      -6.338171221,      -6.580188483,      -6.499136226,      -5.869356505,      -9.516223462
          0,           0,         116,      -6.497958457,      -6.343523764,      -6.587578431,      -6.505986107,      -5.871601312,      -9.517110505
          0,           0,         117,      -6.498925114,      -6.348559149,      -6.594711514,      -6.512578406,      -5.872781109,      -9.518111846
          0,           0,         118,      -6.501170797,      -6.353396395,      -6.601529538,       -6.51886957,      -5.875101714,      -9.519248564
          0,           0,         119,      -6.503489126,      -6.357967294,      -6.608027875,      -6.525052528,      -5.877439597,       -9.52054713
          0,           0,         120,      -6.505441511,      -6.362163049,      -6.614175601,       -6.53084964,      -5.879370139,      -9.522028194
          0,           0,         121,      -6.508240726,      -6.366237893,      -6.619918108,      -6.536193095,      -5.882094247,       -9.52370687
          0,           0,         122,      -6.511656101,       -6.37019694,      -6.625269856,      -6.541171018,      -5.885363479,      -9.525562865
          0,           0,         123,      -6.516026396,      -6.374097902,      -6.630261165,      -6.545744811,      -5.889493367,      -9.527598146
          0,           0,         124,      -6.526200185,      -6.377943498,      -6.634908854,      -6.550081157,      -5.899167549,      -9.529806306
          0,           0,         125,      -6.538030737,      -6.382298891,      -6.639447934,      -6.554855562,      -5.910673751,      -9.532154375
          0,           0,         126,      -6.550256295,      -6.386974557,      -6.643875175,      -6.559856581,      -5.922711729,      -9.534622605
          0,           0,         127,      -6.562039874,      -6.391675728,      -6.648160148,      -6.564576254,      -5.934363231,      -9.537198862
          0,           0,         128,       -6.57321442,      -6.396222651,      -6.652314177,       -6.56910682,      -5.945405586,      -9.539848478
          0,           0,         129,      -6.584271514,      -6.400635541,      -6.656388544,       -6.57346088,      -5.956280937,      -9.542532603
          0,           0,         130,      -6.595902086,      -6.404853761,      -6.660436795,      -6.577697904,      -5.967670188,      -9.545222366
          0,           0,         131,      -6.607812711,      -6.408964501,      -6.664533805,      -6.581983602,      -5.979337415,      -9.547873058
          0,           0,         132,       -6.61973378,      -6.413002543,      -6.668724858,      -6.586384855,      -5.991043242,      -9.550484699
          0,           0,         133,      -6.631287741,      -6.417004038,      -6.673047369,      -6.590977957,      -6.002419698,      -9.553071231
          0,           0,         134,      -6.642291353,      -6.420949897,      -6.677504688,      -6.595750371,      -6.013302393,      -9.555631437
          0,           0,         135,      -6.652830229,       -6.42480285,      -6.682069289,      -6.600627121,      -6.023758554,      -9.558169166
          0,           0,         136,      -6.662716292,       -6.42864131,      -6.686751357,      -6.605681812,       -6.03359114,      -9.560696919
          0,           0,         137,      -6.672234125,      -6.432553587,      -6.691547221,      -6.610881959,      -6.043082448,      -9.563150405
          0,           0,         138,      -6.681681406,      -6.436559855,      -6.696465528,      -6.616246518,      -6.052522524,      -9.565551655
          0,           0,         139,       -6.69120241,      -6.440646912,       -6.70150468,       -6.62179738,      -6.062067988,      -9.567916546
          0,           0,         140,      -6.699417368,      -6.444797366,      -6.706677515,      -6.627414808,      -6.070402417,      -9.570204021
          0,           0,         141,       -6.70630647,      -6.448890066,      -6.711952514,      -6.633016307,      -6.077412883,      -9.572441491
          0,           0,         142,      -6.712513654,      -6.452873241,      -6.717287189,      -6.638579741,      -6.083721989,      -9.574640823
          0,           0,         143,      -6.718387205,      -6.456801322,      -6.722676718,      -6.644132917,       -6.08966215,      -9.576801527
          0,           0,         144,      -6.727004027,      -6.460618793,      -6.728105082,      -6.649713709,      -6.098180648,      -9.578928428
          0,           0,         145,      -6.735094777,      -6.464444914,      -6.733635633,      -6.655435966,      -6.106328559,       -9.58103427
          0,           0,         146,      -6.741168642,      -6.468257654,      -6.739198929,       -6.66118801,       -6.11257808,      -9.583134353
          0,           0,         147,      -6.747090134,      -6.471943192,      -6.744671697,       -6.66680391,      -6.118580165,      -9.585241664
          0,           0,         148,      -6.752296861,      -6.475519158,      -6.750038307,      -6.672235927,      -6.123843901,       -9.58737263
          0,           0,         149,      -6.757281716,      -6.479008695,      -6.755275383,       -6.67747862,      -6.128845177,      -9.589540692
          0,           0,         150,      -6.762063393,      -6.482449564,      -6.760372459,      -6.682540401,      -6.133612629,       -9.59175378
          0,           0,         151,      -6.767259024,      -6.485867849,      -6.765309877,      -6.687443152,      -6.138761616,      -9.594017996
          0,           0,         152,      -6.773231188,      -6.489284003,        -6.7700791,      -6.692193159,      -6.144646519,      -9.596332783
          0,           0,         153,      -6.779977252,      -6.492730227,      -6.774699736,      -6.696839811,      -6.151293652,      -9.598706541
          0,           0,         154,      -6.787440235,      -6.496197245,      -6.779171391,      -6.701373667,      -6.158647867,      -9.601119009
          0,           0,         155,      -6.795293956,      -6.499654154,      -6.783493422,      -6.705744567,      -6.166380952,      -9.603574707
          0,           0,         156,      -6.803876184,      -6.503118905,      -6.787693048,      -6.710009652,      -6.174838727,       -9.60606963
          0,           0,         157,      -6.812662692,       -6.50661607,      -6.791776953,      -6.714247209,      -6.183527881,      -9.608602026
          0,           0,         158,      -6.822031312,       -6.51012404,      -6.795755007,      -6.718432553,      -6.192794487,      -9.611171289
          0,           0,         159,      -6.832251652,      -6.513657687,      -6.799637445,      -6.722588326,      -6.202878471,      -9.613780682
          0,           0,         160,      -6.842794215,       -6.51720816,      -6.803472668,      -6.726676141,      -6.213287591,      -9.616443578
          0,           0,         161,      -6.853212736,      -6.520762059,      -6.807288085,      -6.730738712,      -6.223584655,      -9.619148794
          0,           0,         162,      -6.865679272,      -6.524301194,      -6.811101069,      -6.734819434,      -6.235829308,      -9.621878391
          0,           0,         163,      -6.877589005,      -6.527920199,      -6.814984369,      -6.739006258,      -6.247634987,      -9.624629654
          0,           0,         164,      -6.888614227,       -6.53158268,        -6.8189124,      -6.743243314,       -6.25859876,      -9.627391061
          0,           0,         165,      -6.899103448,      -6.535240946,      -6.822879798,      -6.747459203,      -6.269009956,      -9.630153724
          0,           0,         166,      -6.908882717,      -6.538895977,       -6.82690843,      -6.751697612,      -6.278711835,      -9.632910263
          0,           0,         167,      -6.918164962,       -6.54257146,       -6.83101129,      -6.756003679,      -6.287919835,      -9.635648921
          0,           0,         168,      -6.927082265,      -6.546316263,      -6.835207946,      -6.760417909,      -6.296765888,      -9.638362688
          0,           0,         169,      -6.935599584,      -6.550076035,      -6.839500427,      -6.764947185,       -6.30522959,      -9.641043031
          0,           0,         170,      -6.944439601,      -6.553887388,      -6.843887633,      -6.769822288,       -6.31402956,      -9.643683948
          0,           0,         171,      -6.952435019,      -6.557756917,      -6.848383457,      -6.774802719,      -6.322067177,      -9.646278472
          0,           0,         172,      -6.959644907,      -6.561632289,      -6.852970707,      -6.779840129,      -6.329361834,      -9.648822839
          0,           0,         173,      -6.966053092,      -6.565483411,      -6.857637148,      -6.784936728,      -6.335870938,      -9.651321464
          0,           0,         174,      -6.972500072,      -6.569294184,      -6.862373269,      -6.790116135,      -6.342369378,      -9.653775274
          0,           0,         175,      -6.978183233,      -6.573053037,      -6.867172571,      -6.795360542,      -6.348135481,      -9.656186193
          0,           0,         176,      -6.985159773,      -6.576765773,      -6.872008905,       -6.80068133,      -6.355108032,      -9.658556285
          0,           0,         177,      -6.992124865,      -6.580477868,      -6.876876982,      -6.806126734,      -6.362109115,      -9.660887364
          0,           0,         178,      -6.997606357,      -6.584154572,      -6.881775938,      -6.811798229,      -6.367715147,      -9.663181606
          0,           0,         179,      -7.002175131,      -6.587756918,      -6.886670606,      -6.817374634,      -6.372421927,      -9.665441143
          0,           0,         180,      -7.006397867,      -6.591292701,      -6.891543279,      -6.822875024,      -6.376733739,      -9.667669752
          0,           0,         181,      -7.010581155,      -6.594855964,      -6.896396783,      -6.828340606,      -6.380953403,      -9.669871123
          0,           0,         182,      -7.014840409,      -6.598402583,      -6.901206721,      -6.833770947,      -6.385225623,      -9.672052381
          0,           0,         183,      -7.019175078,      -6.601893276,      -6.905952615,      -6.839158058,      -6.389567139,      -9.674212372
          0,           0,         184,      -7.024699491,      -6.605359149,       -6.91062806,      -6.844557865,       -6.39504253,       -9.67635107
          0,           0,         185,      -7.030305737,      -6.608803357,      -6.915222662,      -6.849985533,      -6.400640445,      -9.678481917
          0,           0,         186,      -7.036052974,      -6.612228405,      -6.919721728,      -6.855435515,      -6.406409313,      -9.680607538
          0,           0,         187,      -7.042021631,      -6.615626834,      -6.924112196,      -6.860753526,      -6.412406153,      -9.682726757
          0,           0,         188,      -7.048188608,      -6.619001891,      -6.928378598,      -6.865968328,      -6.418593049,      -9.684841412
          0,           0,         189,      -7.054138552,      -6.622317579,      -6.932509596,      -6.871101596,      -6.424555051,      -9.686982263
          0,           0,         190,      -7.060672174,      -6.625587117,      -6.936508956,      -6.876156702,      -6.431074679,      -9.689124346
          0,           0,         191,      -7.068052357,      -6.628783555,      -6.940367268,      -6.881164338,      -6.438415363,      -9.691248487
          0,           0,         192,      -7.075494547,      -6.631936066,      -6.944089305,      -6.886049425,      -6.445851621,      -9.693397978
          0,           0,         193,      -7.083696678,      -6.635046082,      -6.947674148,      -6.890918086,      -6.454014389,      -9.695582046
          0,           0,         194,      -7.091051861,      -6.638099402,       -6.95112764,      -6.895603966,      -6.461387012,      -9.697808412
          0,           0,         195,      -7.097785647,      -6.641067564,      -6.954444938,      -6.900090003,      -6.468137224,      -9.700130094
          0,           0,         196,       -7.10414025,      -6.643948263,      -6.957631024,      -6.904407626,      -6.474479412,      -9.702455137
          0,           0,         197,        -7.1105577,      -6.646748385,       -6.96070269,      -6.908583781,      -6.480837379,      -9.704816937
          0,           0,         198,      -7.117228221,      -6.649496131,      -6.963675445,      -6.912686529,      -6.487423515,       -9.70721456
          0,           0,         199,      -7.123910721,      -6.652181609,      -6.966562644,      -6.916659962,       -6.49405238,      -9.709641488
          0,           0,         200,      -7.130692018,      -6.654794565,      -6.969369366,      -6.920515904,      -6.500804068,      -9.712092443
          0,           0,         201,      -7.137548083,      -6.657337432,      -6.972101258,      -6.924262361,      -6.507653117,      -9.714564808
          0,           0,         202,      -7.144399598,      -6.659811098,      -6.974762233,      -6.927904883,      -6.514521031,      -9.717056036
          0,           0,         203,      -7.151236222,      -6.662216573,      -6.977354598,      -6.931452526,      -6.521394678,      -9.719567002
          0,           0,         204,      -7.157997441,      -6.664558541,      -6.979881927,      -6.934915148,       -6.52821847,      -9.722101167
          0,           0,         205,      -7.164542707,       -6.66684178,       -6.98235519,      -6.938265332,      -6.534848736,       -9.72465958
          0,           0,         206,      -7.171527413,      -6.669082743,      -6.984795968,      -6.941527457,      -6.541925848,      -9.727240112
          0,           0,         207,      -7.178215444,      -6.671278038,      -6.987205373,      -6.944703315,      -6.548736184,      -9.729839802
          0,           0,         208,      -7.184776261,      -6.673436069,      -6.989585337,      -6.947785827,      -6.555412774,      -9.732451766
          0,           0,         209,      -7.191221032,      -6.675568777,      -6.991947026,      -6.950789215,      -6.561963737,      -9.735071699
          0,           0,         210,      -7.197656514,      -6.677684671,      -6.994305756,      -6.953782689,      -6.568484255,      -9.737701521
          0,           0,         211,      -7.203972939,      -6.679804505,      -6.996682702,      -6.956741372,      -6.574885686,      -9.740341691
          0,           0,         212,      -7.210058416,      -6.681955466,      -6.999095873,      -6.959654928,      -6.581057484,      -9.742993457
          0,           0,         213,      -7.215997268,      -6.684148895,      -7.001560788,      -6.962550456,      -6.587053211,      -9.745658773
          0,           0,         214,      -7.221895616,      -6.686398372,      -7.004096218,      -6.965461615,      -6.592974283,       -9.74832923
          0,           0,         215,      -7.227862576,      -6.688717979,      -7.006720562,       -6.96841113,      -6.598935214,      -9.751008367
          0,           0,         216,      -7.233846722,      -6.691128038,       -7.00944988,      -6.971437631,      -6.604902618,      -9.753689511
          0,           0,         217,      -7.239899172,      -6.693619944,       -7.01229624,      -6.974569147,      -6.610920826,      -9.756360754
          0,           0,         218,      -7.245865121,      -6.696192141,      -7.015273588,      -6.977821744,      -6.616863796,      -9.759010687
          0,           0,         219,      -7.251835681,      -6.698862266,      -7.018389636,      -6.981211365,      -6.622804024,          -9.76163
          0,           0,         220,       -7.25783811,      -6.701621971,      -7.021647503,      -6.984737141,      -6.628765583,      -9.764214043
          0,           0,         221,      -7.263841017,      -6.704466931,      -7.025048888,      -6.988392646,      -6.634723226,      -9.766758538
          0,           0,         222,      -7.269920502,      -6.707393789,      -7.028595058,      -6.992204244,      -6.640750637,      -9.769261226
          0,           0,         223,       -7.27627081,      -6.710403712,      -7.032280617,      -6.996242587,      -6.647039925,      -9.771721044
          0,           0,         224,      -7.282365794,      -6.713484303,      -7.036104787,      -7.000448899,      -6.653104478,      -9.774137343
          0,           0,         225,      -7.288270924,      -6.716628154,      -7.040054942,       -7.00478448,       -6.65900126,      -9.776510681
          0,           0,         226,      -7.294103974,      -6.719824697,       -7.04411657,       -7.00923987,      -6.664819577,      -9.778838101
          0,           0,         227,       -7.29979416,      -6.723064906,      -7.048277828,      -7.013808841,      -6.670485595,      -9.781133296
          0,           0,         228,      -7.305474763,      -6.726340807,      -7.052525671,      -7.018483141,      -6.676129347,      -9.783394522
          0,           0,         229,      -7.311294468,      -6.729647078,       -7.05684536,      -7.023271738,      -6.681902786,      -9.785625667
          0,           0,         230,      -7.317212757,      -6.732974201,      -7.061223808,      -7.028156621,      -6.687782457,      -9.787829895
          0,           0,         231,      -7.323149238,      -6.736315707,      -7.065646732,      -7.033125254,       -6.69369637,      -9.790009371
          0,           0,         232,      -7.328970576,      -6.739662149,      -7.070098191,      -7.038138617,       -6.69951542,      -9.792164958
          0,           0,         233,      -7.334670986,      -6.743006448,      -7.074561306,      -7.043176947,      -6.705228803,      -9.794298196
          0,           0,         234,      -7.340143447,      -6.746334538,      -7.079019586,       -7.04819973,      -6.710726669,      -9.796411461
          0,           0,         235,      -7.345404255,      -6.749638296,      -7.083456968,      -7.053186474,       -6.71602027,      -9.798507741
          0,           0,         236,      -7.350539241,       -6.75291132,      -7.087858201,      -7.058117089,      -6.721192123,      -9.800590807
          0,           0,         237,      -7.355502557,        -6.7561454,      -7.092209213,      -7.062974207,      -6.726202972,      -9.802663544
          0,           0,         238,      -7.360223268,      -6.759337705,       -7.09649762,      -7.067741702,      -6.730984222,       -9.80472834
          0,           0,         239,       -7.36473428,      -6.762485991,      -7.100712004,      -7.072399994,      -6.735564943,      -9.806788142
          0,           0,         240,      -7.369058654,      -6.765586888,       -7.10484422,      -7.076933748,      -6.739965321,      -9.808846206
          0,           0,         241,      -7.373294384,      -6.768641549,      -7.108888869,      -7.081338828,       -6.74427396,      -9.810903339
          0,           0,         242,      -7.377342406,      -6.771650988,      -7.112843414,      -7.085619139,      -6.748397787,      -9.812962127
          0,           0,         243,      -7.381218938,      -6.774616427,       -7.11670861,      -7.089764822,      -6.752367658,      -9.815025073
          0,           0,         244,      -7.384961015,      -6.777539718,      -7.120483235,      -7.093759891,      -6.756202504,       -9.81709255
          0,           0,         245,      -7.388613926,      -6.780425834,       -7.12417124,      -7.097607628,      -6.759939192,      -9.819162386
          0,           0,         246,      -7.392243044,      -6.783281554,      -7.127779255,      -7.101317354,      -6.763642598,       -9.82123264
          0,           0,         247,      -7.395823689,      -6.786111443,      -7.131313636,       -7.10489944,      -6.767293645,      -9.823320982
          0,           0,         248,      -7.399367912,      -6.788923307,       -7.13477416,      -7.108365677,      -6.770904827,      -9.825415668
          0,           0,         249,      -7.402992166,      -6.791726039,      -7.138168502,       -7.11173489,      -6.774589834,      -9.827516329
          0,           0,         250,       -7.40657269,      -6.794525437,       -7.14150689,      -7.115010009,      -6.778233555,      -9.829631484
          0,           0,         251,      -7.410215363,      -6.797332107,      -7.144801226,      -7.118213968,      -6.781932547,      -9.831754255
          0,           0,         252,      -7.413844947,      -6.800150137,      -7.148055053,      -7.121355281,      -6.785621494,      -9.833890107
          0,           0,         253,      -7.417423449,      -6.802983824,      -7.151272681,      -7.124436643,      -6.789262205,      -9.836033218
          0,           0,         254,      -7.420975076,       -6.80583586,      -7.154459706,      -7.127466139,       -6.79287213,      -9.838177345
          0,           0,         255,       -7.42452531,      -6.808707391,      -7.157616961,       -7.13044815,      -6.796474918,      -9.840319102
          0,           0,         256,      -7.428323397,      -6.811603651,      -7.160751754,      -7.133399338,      -6.800315334,      -9.842456715
          0,           0,         257,      -7.432062994,      -6.814522722,      -7.163870091,      -7.136329535,      -6.804106261,      -9.844590401
          0,           0,         258,      -7.435661654,      -6.817463663,      -7.166973512,      -7.139238662,      -6.807762112,      -9.846721307
          0,           0,         259,      -7.439215436,      -6.820423012,      -7.170062766,      -7.142160222,      -6.811359298,      -9.848851395
          0,           0,         260,      -7.442618188,      -6.823408856,      -7.173143531,      -7.145057694,      -6.814817601,      -9.850981154
          0,           0,         261,       -7.44594107,      -6.826421015,      -7.176216309,      -7.147935122,      -6.818187357,      -9.853110905
          0,           0,         262,      -7.449233394,      -6.829459414,      -7.179283742,      -7.150799704,      -6.821514262,      -9.855240951
          0,           0,         263,      -7.452519495,      -6.832526057,      -7.182349928,      -7.153662506,      -6.824826689,      -9.857371703
          0,           0,         264,      -7.455777727,      -6.835621941,      -7.185419548,      -7.156533468,       -6.82810934,      -9.859503575
          0,           0,         265,       -7.45906392,      -6.838748706,       -7.18849759,      -7.159417057,      -6.831420575,      -9.861636237
          0,           0,         266,      -7.462363881,      -6.841907997,      -7.191589642,      -7.162319174,      -6.834749476,      -9.863769298
          0,           0,         267,       -7.46563614,      -6.845098488,      -7.194699847,      -7.165242888,      -6.838056473,      -9.865902645
          0,           0,         268,      -7.468907219,      -6.848321644,      -7.197833808,      -7.168194992,      -6.841364299,      -9.868035427
          0,           0,         269,      -7.472144367,      -6.851575133,      -7.200996256,       -7.17118054,      -6.844640541,      -9.870168325
          0,           0,         270,      -7.475373643,       -6.85485726,      -7.204190877,      -7.174204205,      -6.847912499,      -9.872294696
          0,           0,         271,       -7.47859496,      -6.858164624,      -7.207420776,      -7.177270077,      -6.851179927,      -9.874416906
          0,           0,         272,      -7.481764214,      -6.861492204,      -7.210687939,        -7.1803885,      -6.854392978,      -9.876544561
          0,           0,         273,      -7.484862845,      -6.864838347,      -7.213995065,      -7.183540691,      -6.857543182,      -9.878674211
          0,           0,         274,      -7.487974336,      -6.868201102,      -7.217349162,      -7.186740912,      -6.860703008,       -9.88080491
          0,           0,         275,      -7.491137319,      -6.871579599,      -7.220738345,      -7.189993178,      -6.863910037,      -9.882928311
          0,           0,         276,       -7.49433007,      -6.874967852,      -7.224162978,       -7.19329718,      -6.867145832,       -9.88504709
          0,           0,         277,      -7.497565021,      -6.878364974,      -7.227622862,       -7.19665601,      -6.870424583,      -9.887170037
          0,           0,         278,      -7.500841716,      -6.881769951,      -7.231115909,      -7.200064497,      -6.873749994,      -9.889266793
          0,           0,         279,      -7.504100333,      -6.885178353,       -7.23463955,      -7.203513467,      -6.877063349,      -9.891344694
          0,           0,         280,      -7.507324055,      -6.888588202,       -7.23818958,      -7.206999132,      -6.880343344,      -9.893445987
          0,           0,         281,      -7.510517572,      -6.892016767,      -7.241765784,      -7.210520759,      -6.883594536,       -9.89552508
          0,           0,         282,      -7.513693039,      -6.895443581,      -7.245360536,      -7.214073396,      -6.886830422,      -9.897641788
          0,           0,         283,      -7.516852668,       -6.89886542,      -7.248970115,      -7.217656743,      -6.890051839,      -9.899768439
          0,           0,         284,       -7.52000674,      -6.902278225,      -7.252590975,      -7.221264599,      -6.893267629,      -9.901895563
          0,           0,         285,      -7.523157827,      -6.905680235,      -7.256218993,      -7.224889133,      -6.896480712,      -9.904024587
          0,           0,         286,      -7.526296825,      -6.909069493,       -7.25984891,      -7.228526277,      -6.899682168,      -9.906145494
          0,           0,         287,       -7.52943082,      -6.912442787,      -7.263474418,      -7.232171584,       -6.90288001,      -9.908276839
          0,           0,         288,      -7.532557945,      -6.915797409,      -7.267088435,      -7.235818894,      -6.906073161,      -9.910408213
          0,           0,         289,      -7.535648256,      -6.919130745,      -7.270686344,      -7.239463861,      -6.909231862,      -9.912541867
          0,           0,         290,       -7.53850593,        -6.9224415,      -7.274264291,      -7.243100337,      -6.912165109,      -9.914678248
          0,           0,         291,      -7.541406329,      -6.925731372,      -7.277818344,      -7.246718226,      -6.915140247,       -9.91681585
          0,           0,         292,      -7.544346165,      -6.928992873,      -7.281343163,      -7.250314033,      -6.918153325,       -9.91895292
          0,           0,         293,      -7.547240197,      -6.932220625,      -7.284834521,      -7.253884295,      -6.921120595,      -9.921070991
          0,           0,         294,      -7.550172718,      -6.935410997,       -7.28828882,       -7.25742829,      -6.924124418,      -9.923163644
          0,           0,         295,      -7.553133977,      -6.938562894,      -7.291701854,      -7.260939193,      -6.927156452,      -9.925288842
          0,           0,         296,      -7.556116953,      -6.941675964,      -7.295071679,      -7.264411272,       -6.93021081,      -9.927426159
          0,           0,         297,      -7.559117156,      -6.944749266,      -7.298397603,      -7.267842307,      -6.933283958,      -9.929565343
          0,           0,         298,      -7.562120733,       -6.94778006,       -7.30167794,      -7.271230812,      -6.936363602,      -9.931704315
          0,           0,         299,      -7.565102482,      -6.950767412,      -7.304911585,      -7.274575326,      -6.939424385,      -9.933856859
          0,           0,         300,       -7.56806204,      -6.953711542,      -7.308099207,      -7.277877408,      -6.942464016,      -9.936012283
          0,           0,         301,      -7.570990201,      -6.956607533,      -7.311241448,      -7.281134963,      -6.945471907,      -9.938171337
          0,           0,         302,      -7.573884158,      -6.959459702,      -7.314340523,      -7.284350231,      -6.948444933,      -9.940335063
          0,           0,         303,      -7.576787103,       -6.96227223,      -7.317398702,       -7.28753148,      -6.951425648,      -9.942503232
          0,           0,         304,      -7.579741616,      -6.965046109,      -7.320418547,      -7.290677928,      -6.954454963,      -9.944675268
          0,           0,         305,      -7.582638533,      -6.967782287,      -7.323403039,      -7.293795279,      -6.957428844,       -9.94685075
          0,           0,         306,      -7.585478339,      -6.970483289,      -7.326355367,      -7.296883124,      -6.960343468,       -9.94902985
          0,           0,         307,      -7.588279219,       -6.97315186,      -7.329278344,      -7.299943506,      -6.963213208,      -9.951211832
          0,           0,         308,      -7.591052743,      -6.975791303,       -7.33217624,      -7.302980681,      -6.966049266,      -9.953395942
          0,           0,         309,      -7.593804097,      -6.978405921,      -7.335052804,        -7.3059974,      -6.968858449,      -9.955581221
          0,           0,         310,      -7.596468869,      -6.980999628,      -7.337909511,       -7.30899714,      -6.971575987,      -9.957767269
          0,           0,         311,      -7.599011443,      -6.983576289,      -7.340750715,      -7.311979391,       -6.97416602,      -9.959953973
          0,           0,         312,      -7.601559622,      -6.986140372,      -7.343578983,       -7.31494783,      -6.976755503,      -9.962141045
          0,           0,         313,      -7.604123009,      -6.988694502,       -7.34639413,      -7.317907264,      -6.979353239,      -9.964328095
          0,           0,         314,       -7.60670202,      -6.991245231,      -7.349202653,      -7.320860483,       -6.98195988,       -9.96651502
          0,           0,         315,      -7.609254623,      -6.993796635,       -7.35201014,      -7.323808871,      -6.984537138,      -9.968701401
          0,           0,         316,      -7.611796425,      -6.996354154,      -7.354820474,      -7.326757193,      -6.987096663,      -9.970886788
          0,           0,         317,      -7.614336676,      -6.998918295,      -7.357635864,       -7.32970273,      -6.989648756,      -9.973070545
          0,           0,         318,      -7.616886551,      -7.001490643,      -7.360458109,      -7.332650142,      -6.992204391,      -9.975251979
          0,           0,         319,      -7.619442302,      -7.004069089,      -7.363288812,      -7.335599963,       -6.99476031,      -9.977429485
          0,           0,         320,      -7.621992416,      -7.006655638,      -7.366130382,       -7.33854955,      -6.997306907,      -9.979593745
          0,           0,         321,      -7.624532001,      -7.009262361,      -7.368984048,      -7.341501066,      -6.999840362,      -9.981759272
          0,           0,         322,      -7.627065009,      -7.011900534,      -7.371851254,      -7.344458592,      -7.002364856,      -9.983924229
          0,           0,         323,      -7.629609128,      -7.014561016,      -7.374731512,      -7.347422539,      -7.004899881,       -9.98608842
          0,           0,         324,      -7.632170321,      -7.017243231,      -7.377626193,       -7.35039296,      -7.007450588,      -9.988251769
          0,           0,         325,      -7.634756671,       -7.01994784,      -7.380535415,      -7.353370652,      -7.010024811,      -9.990412661
          0,           0,         326,      -7.637354164,      -7.022675045,      -7.383456735,      -7.356351293,      -7.012609859,      -9.992571144
          0,           0,         327,       -7.63996432,      -7.025423286,      -7.386388157,      -7.359334098,      -7.015207172,      -9.994726619
          0,           0,         328,      -7.642598966,      -7.028191574,        -7.3893277,      -7.362317731,      -7.017829188,      -9.996879222
          0,           0,         329,      -7.645268741,      -7.030976906,      -7.392272997,      -7.365300515,      -7.020487917,      -9.999029347
          0,           0,         330,      -7.647998326,      -7.033778339,       -7.39522164,      -7.368283684,      -7.023206216,      -10.00116307
          0,           0,         331,      -7.650740859,      -7.036592699,      -7.398171471,      -7.371263053,      -7.025941888,      -10.00328484
          0,           0,         332,       -7.65349796,      -7.039416996,      -7.401119342,      -7.374229062,      -7.028698343,      -10.00541953
          0,           0,         333,      -7.656286821,      -7.042248887,      -7.404061514,      -7.377181363,      -7.031488698,      -10.00756154
          0,           0,         334,      -7.659109956,      -7.045085394,      -7.406995707,      -7.380118885,      -7.034316308,      -10.00970762
          0,           0,         335,      -7.661945634,      -7.047922177,      -7.409916886,      -7.383039893,      -7.037159259,       -10.0118571
          0,           0,         336,      -7.664804582,      -7.050755625,      -7.412827363,      -7.385941777,      -7.040032977,      -10.01400982
          0,           0,         337,      -7.667676976,      -7.053580788,      -7.415724962,      -7.388822963,      -7.042925085,      -10.01616568
          0,           0,         338,      -7.670559132,      -7.056393506,      -7.418607189,      -7.391682524,      -7.045831227,      -10.01832497
          0,           0,         339,      -7.673436319,      -7.059190182,      -7.421471921,      -7.394515155,      -7.048738239,      -10.02048789
          0,           0,         340,      -7.676307216,      -7.061967775,       -7.42431807,      -7.397328231,      -7.051645631,      -10.02265683
          0,           0,         341,      -7.679391674,      -7.064722712,      -7.427143152,      -7.400167741,      -7.054767627,      -10.02482876
          0,           0,         342,      -7.682365358,      -7.067455571,      -7.429948069,      -7.402969125,      -7.057798126,      -10.02700457
          0,           0,         343,      -7.685256707,      -7.070158753,      -7.432728571,      -7.405733837,       -7.06075133,      -10.02918545
          0,           0,         344,      -7.688075807,      -7.072826741,      -7.435482556,      -7.408466191,      -7.063628572,      -10.03137139
          0,           0,         345,      -7.690844867,      -7.075457263,      -7.438222367,      -7.411176704,      -7.066449724,      -10.03356269
          0,           0,         346,      -7.693590259,      -7.078056575,      -7.440936175,      -7.413868701,      -7.069242194,      -10.03576056
          0,           0,         347,      -7.696329565,      -7.080627337,      -7.443623431,      -7.416547339,      -7.072025571,       -10.0379648
          0,           0,         348,      -7.699077923,      -7.083172245,      -7.446288354,      -7.419216993,      -7.074816634,      -10.04017542
          0,           0,         349,       -7.70183797,      -7.085697279,      -7.448936141,      -7.421880848,      -7.077618876,      -10.04239246
          0,           0,         350,      -7.704602291,      -7.088207777,      -7.451572705,      -7.424543488,      -7.080422912,      -10.04461569
          0,           0,         351,      -7.707378286,      -7.090710221,      -7.454205127,      -7.427211203,      -7.083236122,       -10.0468447
          0,           0,         352,       -7.71017278,      -7.093213974,        -7.4568406,      -7.429891223,      -7.086064809,      -10.04907917
          0,           0,         353,       -7.71298731,      -7.095722156,      -7.459484197,      -7.432589258,      -7.088909603,      -10.05131867
          0,           0,         354,      -7.715865926,      -7.098240993,      -7.462142555,      -7.435313152,      -7.091813686,      -10.05356269
          0,           0,         355,       -7.71896752,      -7.100777017,      -7.464822054,      -7.438070539,      -7.094935438,      -10.05581095
          0,           0,         356,      -7.722033647,      -7.103334462,      -7.467529959,      -7.440870412,      -7.098027092,      -10.05806306
          0,           0,         357,      -7.725079776,      -7.105918127,      -7.470270033,      -7.443714845,      -7.101097704,      -10.06031853
          0,           0,         358,       -7.72812782,      -7.108532558,      -7.473045966,      -7.446608673,      -7.104165307,      -10.06257681
          0,           0,         359,      -7.731195515,      -7.111182787,      -7.475862125,      -7.449556095,      -7.107247326,      -10.06483754
          0,           0,         360,      -7.734292964,      -7.113874128,      -7.478722832,      -7.452559246,      -7.110355208,       -10.0670999
          0,           0,         361,      -7.737425758,      -7.116610738,      -7.481632046,      -7.455622693,      -7.113493874,      -10.06936144
          0,           0,         362,      -7.740606184,      -7.119396244,        -7.4845936,      -7.458751246,      -7.116676327,      -10.07160551
          0,           0,         363,      -7.743843982,      -7.122234644,       -7.48760988,      -7.461948811,      -7.119913267,      -10.07385946
          0,           0,         364,      -7.747153744,       -7.12512728,      -7.490683663,      -7.465219239,      -7.123220436,      -10.07612318
          0,           0,         365,      -7.750566008,      -7.128076933,      -7.493817971,      -7.468565099,      -7.126629863,      -10.07839219
          0,           0,         366,      -7.754029578,      -7.131085332,      -7.497016092,      -7.471988141,      -7.130091787,      -10.08066398
          0,           0,         367,      -7.757536628,      -7.134154667,      -7.500280747,      -7.475487746,      -7.133597805,       -10.0829372
          0,           0,         368,       -7.76105586,      -7.137283208,      -7.503613305,      -7.479066215,      -7.137114726,      -10.08521193
          0,           0,         369,      -7.764588783,      -7.140470695,      -7.507014973,      -7.482718262,      -7.140646384,      -10.08748767
          0,           0,         370,      -7.768155707,      -7.143716822,      -7.510486429,      -7.486446851,      -7.144210321,      -10.08976432
          0,           0,         371,      -7.771765375,      -7.147021108,       -7.51402844,      -7.490254335,      -7.147815513,      -10.09204186
          0,           0,         372,      -7.775422229,      -7.150381811,      -7.517641058,      -7.494141712,         -7.151468,      -10.09432069
          0,           0,         373,      -7.779130625,      -7.153796274,      -7.521323699,       -7.49810839,      -7.155173813,      -10.09661015
          0,           0,         374,      -7.782897339,      -7.157260888,      -7.525074556,      -7.502152395,      -7.158941526,      -10.09890445
          0,           0,         375,      -7.786716539,      -7.160771162,      -7.528889439,      -7.506272932,      -7.162765446,      -10.10119837
          0,           0,         376,      -7.790576853,      -7.164323919,       -7.53276625,      -7.510464772,      -7.166634686,      -10.10349069
          0,           0,         377,      -7.794474032,      -7.167913637,      -7.536703933,      -7.514721615,      -7.170546674,      -10.10578443
          0,           0,         378,      -7.798400878,      -7.171535859,      -7.540700629,      -7.519038895,      -7.174494054,      -10.10808098
          0,           0,         379,      -7.802352355,      -7.175186545,      -7.544753203,      -7.523413891,      -7.178470953,       -10.1103801
          0,           0,         380,      -7.806323566,      -7.178861773,      -7.548857731,      -7.527843889,      -7.182471971,      -10.11267949
          0,           0,         381,      -7.810349287,      -7.182559141,      -7.553010109,      -7.532327095,      -7.186531619,      -10.11497654
          0,           0,         382,       -7.81437609,      -7.186273652,      -7.557206299,      -7.536857221,      -7.190598391,      -10.11727318
          0,           0,         383,      -7.818380372,      -7.190001018,      -7.561443884,      -7.541428936,      -7.194646853,      -10.11957315
          0,           0,         384,      -7.822370598,      -7.193737609,      -7.565716872,      -7.546038224,      -7.198683688,      -10.12188079
          0,           0,         385,      -7.826352817,      -7.197480053,      -7.570020475,      -7.550681083,       -7.20271482,      -10.12419343
          0,           0,         386,      -7.830339924,      -7.201225404,      -7.574350655,      -7.555354799,      -7.206753115,      -10.12651019
          0,           0,         387,      -7.834310462,      -7.204970184,      -7.578703684,      -7.560054354,      -7.210779013,      -10.12883096
          0,           0,         388,      -7.838371115,       -7.20871187,      -7.583075587,      -7.564776273,      -7.214896207,      -10.13115597
          0,           0,         389,      -7.842455172,      -7.212447855,      -7.587462704,      -7.569519174,      -7.219042607,      -10.13348652
          0,           0,         390,      -7.846473551,      -7.216175397,       -7.59186046,      -7.574278348,      -7.223129337,       -10.1358206
          0,           0,         391,      -7.850437208,      -7.219891806,      -7.596264301,      -7.579047968,      -7.227163426,      -10.13815909
          0,           0,         392,      -7.854358239,      -7.223594889,      -7.600670695,      -7.583824592,      -7.231155322,      -10.14050181
          0,           0,         393,      -7.858239102,      -7.227283887,      -7.605076617,      -7.588604386,      -7.235106072,      -10.14285213
          0,           0,         394,      -7.862084145,      -7.230957948,      -7.609479663,      -7.593384147,      -7.239020709,      -10.14520852
          0,           0,         395,      -7.865910935,      -7.234617139,      -7.613878091,       -7.59816591,      -7.242918165,      -10.14757144
          0,           0,         396,      -7.869724404,      -7.238261217,      -7.618269687,      -7.602947361,      -7.246802621,      -10.14993993
          0,           0,         397,      -7.873523944,      -7.241889935,      -7.622653028,      -7.607724096,      -7.250673197,      -10.15231398
          0,           0,         398,      -7.877334424,      -7.245504189,      -7.627027022,       -7.61249653,      -7.254554489,      -10.15469354
          0,           0,         399,      -7.881127354,      -7.249103993,      -7.631390863,      -7.617261814,      -7.258418494,      -10.15707854
          0,           0,         400,      -7.884936953,      -7.252690646,      -7.635743763,      -7.622024448,      -7.262298573,      -10.15946896
          0,           0,         401,      -7.888814662,      -7.256266066,      -7.640085467,      -7.626796147,      -7.266248162,      -10.16186468
          0,           0,         402,      -7.892651557,      -7.259832193,      -7.644415106,       -7.63155321,      -7.270163619,       -10.1642654
          0,           0,         403,      -7.896459785,      -7.263390117,       -7.64873169,      -7.636293683,      -7.274049795,       -10.1666717
          0,           0,         404,      -7.900253285,      -7.266941404,      -7.653035756,      -7.641018955,      -7.277917225,      -10.16908326
          0,           0,         405,      -7.904058007,      -7.270488449,      -7.657328552,      -7.645732218,      -7.281792117,      -10.17149989
          0,           0,         406,      -7.907876325,       -7.27403349,      -7.661611615,      -7.650436107,      -7.285678603,      -10.17392145
          0,           0,         407,       -7.91167182,      -7.277578019,      -7.665886751,      -7.655131327,       -7.28954068,      -10.17634781
          0,           0,         408,      -7.915458265,      -7.281123973,        -7.6701555,      -7.659820846,       -7.29339055,      -10.17877865
          0,           0,         409,      -7.919245641,      -7.284673486,      -7.674419927,      -7.664507911,      -7.297238168,      -10.18121393
          0,           0,         410,      -7.923041376,      -7.288228827,      -7.678682279,      -7.669196094,      -7.301091568,      -10.18365372
          0,           0,         411,      -7.926850419,      -7.291791946,      -7.682944887,      -7.673889057,      -7.304956394,        -10.186098
          0,           0,         412,      -7.930675695,      -7.295364718,      -7.687210288,       -7.67859039,      -7.308836126,      -10.18854687
          0,           0,         413,      -7.934524489,      -7.298948903,      -7.691481135,      -7.683304261,      -7.312738722,      -10.19100003
          0,           0,         414,      -7.938390034,      -7.302545434,       -7.69575977,      -7.688032928,      -7.316657115,      -10.19345746
          0,           0,         415,      -7.942273886,      -7.306155329,      -7.700048858,      -7.692779895,      -7.320593228,      -10.19591895
          0,           0,         416,      -7.946177042,      -7.309779505,      -7.704351027,      -7.697548241,      -7.324548421,      -10.19838431
          0,           0,         417,      -7.950099145,      -7.313418716,      -7.708668584,      -7.702340882,      -7.328522517,      -10.20085337
          0,           0,         418,      -7.954039682,      -7.317073395,      -7.713003338,      -7.707160542,      -7.332514918,       -10.2033261
          0,           0,         419,      -7.957998154,      -7.320743843,      -7.717357298,      -7.712010075,      -7.336525099,      -10.20580239
          0,           0,         420,      -7.961986641,      -7.324429993,      -7.721732296,      -7.716892134,      -7.340565013,      -10.20828225
          0,           0,         421,      -7.966013015,      -7.328131834,       -7.72613016,      -7.721809469,      -7.344643003,      -10.21076585
          0,           0,         422,      -7.970048982,      -7.331849358,      -7.730552512,      -7.726764641,      -7.348731728,      -10.21325328
          0,           0,         423,      -7.974096184,      -7.335582633,      -7.735000662,      -7.731759262,      -7.352832055,       -10.2157446
          0,           0,         424,       -7.97817571,      -7.339332005,      -7.739475878,      -7.736794953,      -7.356964539,      -10.21823983
          0,           0,         425,      -7.982269441,      -7.343097522,      -7.743980176,       -7.74187385,       -7.36111151,      -10.22073901
          0,           0,         426,       -7.98637495,      -7.346879415,       -7.74851495,      -7.746998176,      -7.365270521,      -10.22324216
          0,           0,         427,      -7.990494255,      -7.350678057,      -7.753081531,      -7.752169988,        -7.3694435,      -10.22574927
          0,           0,         428,      -7.994628555,      -7.354493734,      -7.757681387,      -7.757391195,       -7.37363163,      -10.22826066
          0,           0,         429,      -7.998779103,      -7.358326429,      -7.762315928,      -7.762664595,      -7.377836243,      -10.23077562
          0,           0,         430,      -8.003311746,      -7.362181494,      -7.766986518,      -7.768052925,      -7.382428673,      -10.23329433
          0,           0,         431,      -8.007665078,      -7.366053613,      -7.771697119,      -7.773476101,      -7.386860506,      -10.23581724
          0,           0,         432,      -8.011937434,        -7.3699412,      -7.776445678,      -7.778939637,      -7.391207225,      -10.23834439
          0,           0,         433,      -8.016176063,      -7.373841734,      -7.781231597,      -7.784447522,      -7.395512114,      -10.24087594
          0,           0,         434,      -8.020401714,      -7.377752945,      -7.786054906,      -7.790002601,      -7.399798326,      -10.24341122
          0,           0,         435,      -8.024625948,      -7.381675019,      -7.790915639,       -7.79560756,      -7.404080348,      -10.24595066
          0,           0,         436,      -8.028873856,      -7.385609017,      -7.795813348,       -7.80127032,       -7.40838602,      -10.24849426
          0,           0,         437,      -8.033133002,      -7.389554288,      -7.800747749,      -7.806988523,      -7.412706342,      -10.25104194
          0,           0,         438,      -8.037396102,      -7.393510197,      -7.805718359,       -7.81275711,      -7.417033643,      -10.25359366
          0,           0,         439,      -8.041663878,      -7.397476188,       -7.81072467,      -7.818573894,      -7.421367221,      -10.25614944
          0,           0,         440,      -8.045936326,      -7.401451321,      -7.815766005,      -7.824437848,      -7.425706572,      -10.25870932
          0,           0,         441,      -8.050211897,       -7.40543433,      -7.820841349,      -7.830347699,      -7.430050202,      -10.26127336
          0,           0,         442,      -8.054488224,      -7.409423741,      -7.825949374,      -7.836301664,      -7.434395887,      -10.26384161
          0,           0,         443,      -8.058763228,       -7.41341798,       -7.83108852,      -7.842297666,      -7.438741594,      -10.26641409
          0,           0,         444,      -8.063035512,       -7.41741547,      -7.836256983,      -7.848333474,      -7.443085898,      -10.26899081
          0,           0,         445,      -8.067326905,      -7.421414992,      -7.841452836,      -7.854408262,      -7.447450928,      -10.27157174
          0,           0,         446,       -8.07161194,      -7.425414665,      -7.846674113,      -7.860518415,      -7.451812285,      -10.27415686
          0,           0,         447,      -8.075913622,      -7.429413369,      -7.851918608,      -7.866659825,      -7.456193285,      -10.27674615
          0,           0,         448,      -8.080195176,      -7.433409561,      -7.857184148,      -7.872831729,      -7.460554352,      -10.27933948
          0,           0,         449,      -8.084459899,      -7.437401829,      -7.862468618,      -7.879031096,      -7.464899845,      -10.28193687
          0,           0,         450,      -8.088707322,      -7.441388844,      -7.867769847,       -7.88525501,      -7.469229094,      -10.28453846
          0,           0,         451,      -8.092937885,      -7.445369426,      -7.873085721,      -7.891500675,      -7.473541881,      -10.28714407
          0,           0,         452,      -8.097153481,      -7.449342837,      -7.878414322,       -7.89776557,        -7.4778396,      -10.28975361
          0,           0,         453,      -8.101355951,      -7.453308364,      -7.883754181,      -7.904047574,      -7.482123899,        -10.292367
          0,           0,         454,      -8.105546977,       -7.45726564,      -7.889103634,      -7.910344542,      -7.486396476,      -10.29498415
          0,           0,         455,      -8.109727636,      -7.461214431,      -7.894461064,      -7.916654574,      -7.490658486,      -10.29760496
          0,           0,         456,      -8.113898306,      -7.465154509,      -7.899825112,      -7.922976067,      -7.494910366,      -10.30022936
          0,           0,         457,       -8.11805904,      -7.469085736,      -7.905194535,      -7.929307474,      -7.499152173,      -10.30285726
          0,           0,         458,      -8.122209761,      -7.473007995,      -7.910568225,      -7.935647292,      -7.503383799,      -10.30548855
          0,           0,         459,      -8.126350479,      -7.476921361,      -7.915945153,      -7.941994034,      -7.507605212,      -10.30812318
          0,           0,         460,      -8.130481216,      -7.480825995,      -7.921324406,      -7.948346205,      -7.511816393,      -10.31076106
          0,           0,         461,      -8.134601919,      -7.484722016,      -7.926705136,      -7.954702292,      -7.516017248,      -10.31340214
          0,           0,         462,      -8.138712695,      -7.488609641,      -7.932086448,      -7.961060788,      -7.520207817,      -10.31604635
          0,           0,         463,      -8.142813688,      -7.492489022,      -7.937467744,      -7.967420289,      -7.524388188,      -10.31869365
          0,           0,         464,      -8.146905098,      -7.496360431,      -7.942848494,      -7.973779471,      -7.528558497,      -10.32134403
          0,           0,         465,      -8.150987101,      -7.500224114,      -7.948228195,      -7.980137091,      -7.532718864,      -10.32399742
          0,           0,         466,      -8.155059881,      -7.504080299,      -7.953606369,      -7.986492033,      -7.536869416,      -10.32665376
          0,           0,         467,      -8.159123641,      -7.507929205,       -7.95898259,      -7.992843304,      -7.541010292,        -10.329313
          0,           0,         468,      -8.163178552,       -7.51177103,      -7.964356483,      -7.999190054,      -7.545141595,      -10.33197512
          0,           0,         469,      -8.167224804,      -7.515605969,      -7.969727766,      -8.005531593,      -7.549263456,      -10.33464006
          0,           0,         470,      -8.171262532,      -7.519434176,      -7.975096164,      -8.011867359,      -7.553375959,      -10.33730781
          0,           0,         471,      -8.175291448,      -7.523255604,      -7.980461409,       -8.01819692,      -7.557478718,      -10.33997833
          0,           0,         472,      -8.179312142,      -7.527070507,      -7.985823379,      -8.024519956,      -7.561572335,      -10.34265159
          0,           0,         473,      -8.183324881,      -7.530879084,      -7.991181974,      -8.030836378,      -7.565657075,      -10.34532758
          0,           0,         474,      -8.187329744,      -7.534681461,      -7.996537105,      -8.037146154,      -7.569733003,      -10.34800634
          0,           0,         475,      -8.191326801,      -7.538477751,      -8.001888821,      -8.043449258,      -7.573800182,      -10.35068807
          0,           0,         476,      -8.195316341,      -7.542268035,      -8.007236601,      -8.049745805,      -7.577858901,      -10.35337356
          0,           0,         477,      -8.199298145,      -7.546051635,       -8.01257281,      -8.056034561,      -7.581908949,      -10.35606153
          0,           0,         478,      -8.203272933,      -7.549829328,      -8.017906687,      -8.062315585,      -7.585951026,      -10.35875153
          0,           0,         479,      -8.207240029,      -7.553601156,      -8.023239024,      -8.068588868,      -7.589984574,      -10.36144409
          0,           0,         480,      -8.211199215,      -7.557367115,       -8.02856997,      -8.074855514,      -7.594009463,      -10.36413948
          0,           0,         481,      -8.215150413,      -7.561127253,      -8.033899566,      -8.081116803,      -7.598025655,      -10.36683766
          0,           0,         482,      -8.219093927,      -7.564881665,      -8.039227925,      -8.087373924,      -7.602033487,      -10.36953851
          0,           0,         483,      -8.223030136,      -7.568630438,      -8.044555209,      -8.093627928,      -7.606033371,      -10.37224196
          0,           0,         484,      -8.226959186,      -7.572373609,      -8.049881565,      -8.099879717,      -7.610025491,      -10.37494793
          0,           0,         485,      -8.230880962,      -7.576111175,      -8.055207108,      -8.106130061,      -7.614009766,       -10.3776564
          0,           0,         486,      -8.234795341,      -7.579843132,      -8.060531923,      -8.112379643,      -7.617986095,      -10.38036735
          0,           0,         487,      -8.238702292,      -7.583569506,      -8.065856107,        -8.1186291,      -7.621954445,      -10.38308076
          0,           0,         488,      -8.242601794,      -7.587290357,      -8.071179804,      -8.124879026,      -7.625914784,      -10.38579663
          0,           0,         489,      -8.246493835,      -7.591005767,      -8.076503221,      -8.131129986,      -7.629867087,      -10.38851494
          0,           0,         490,      -8.250378464,      -7.594715837,      -8.081826623,      -8.137382523,      -7.633811381,      -10.39123566
          0,           0,         491,      -8.254255726,      -7.598420693,      -8.087150312,       -8.14363715,      -7.637747685,      -10.39395877
          0,           0,         492,      -8.258125377,      -7.602120444,      -8.092474615,      -8.149894269,      -7.641675729,      -10.39668421
          0,           0,         493,      -8.261987583,      -7.605815206,      -8.097799812,      -8.156154327,      -7.645595657,      -10.39941195
          0,           0,         494,      -8.265842406,      -7.609505085,      -8.103126155,      -8.162417714,      -7.649507512,      -10.40214193
          0,           0,         495,      -8.269689867,      -7.613190167,      -8.108453847,      -8.168684724,      -7.653411297,       -10.4048741
          0,           0,         496,      -8.273529993,       -7.61687052,      -8.113783033,       -8.17495552,      -7.657307023,      -10.40760841
          0,           0,         497,      -8.277362846,      -7.620546209,      -8.119113786,      -8.181230133,      -7.661194735,      -10.41034482
          0,           0,         498,      -8.281188527,      -7.624217305,      -8.124446119,      -8.187508466,      -7.665074522,      -10.41308327
          0,           0,         499,      -8.284994529,      -7.627883571,      -8.129772273,       -8.19378905,      -7.668933123,      -10.41582372
          0,           0,         500,       -8.28878752,      -7.631545162,      -8.135097779,      -8.200071166,      -7.672777621,       -10.4185661
          0,           0,         501,      -8.292576743,      -7.635202309,      -8.140426672,       -8.20635527,      -7.676617462,      -10.42131038
          0,           0,         502,       -8.29636277,      -7.638855086,      -8.145758107,      -8.212641809,      -7.680453168,       -10.4240565
          0,           0,         503,      -8.300145605,      -7.642503568,      -8.151091403,      -8.218930998,       -7.68428491,      -10.42680441
          0,           0,         504,      -8.303924734,      -7.646147813,      -8.156426135,      -8.225222359,      -7.688112301,      -10.42955407
          0,           0,         505,      -8.307699402,      -7.649787868,      -8.161762051,      -8.231514831,      -7.691934626,      -10.43230542
          0,           0,         506,      -8.311468969,      -7.653423805,      -8.167098959,      -8.237807172,      -7.695751232,      -10.43505842
          0,           0,         507,      -8.315233089,      -7.657055696,      -8.172436667,      -8.244098273,      -7.699561733,      -10.43781302
          0,           0,         508,      -8.318991689,      -7.660683631,       -8.17777498,      -8.250387266,      -7.703366012,      -10.44056917
          0,           0,         509,      -8.322744863,      -7.664307696,      -8.183113726,      -8.256673499,      -7.707164132,      -10.44332684
          0,           0,         510,      -8.326492613,      -7.667927862,      -8.188452746,      -8.262956429,      -7.710956062,      -10.44608597
          0,           0,         511,      -8.330235086,      -7.671544201,      -8.193791928,      -8.269235617,      -7.714741931,      -10.44884652
          0,           0,         512,      -8.333972673,       -7.67515702,      -8.199131257,      -8.275510813,      -7.718522138,      -10.45160842
          0,           0,         513,      -8.337705523,      -7.678766493,      -8.204470775,      -8.281781884,      -7.722296825,      -10.45437168
          0,           0,         514,      -8.341433693,      -7.682372591,      -8.209810383,      -8.288048692,      -7.726066032,      -10.45713629
          0,           0,         515,       -8.34515742,      -7.685975448,      -8.215150035,      -8.294311139,      -7.729830018,      -10.45990219
          0,           0,         516,      -8.348876878,      -7.689575175,      -8.220489703,       -8.30056908,       -7.73358898,      -10.46266936
          0,           0,         517,      -8.352592147,      -7.693171862,      -8.225829411,      -8.306822333,      -7.737343015,      -10.46543774
          0,           0,         518,      -8.356303267,      -7.696765586,      -8.231169206,      -8.313070696,      -7.741092185,       -10.4682073
          0,           0,         519,      -8.360010232,      -7.700356416,      -8.236509111,      -8.319313968,      -7.744836488,      -10.47097799
          0,           0,         520,      -8.363713016,      -7.703944396,      -8.241849112,      -8.325551952,      -7.748575913,       -10.4737498
          0,           0,         521,      -8.367411558,       -7.70752954,      -8.247189148,      -8.331784466,      -7.752310418,      -10.47652268
          0,           0,         522,      -8.371105753,      -7.711111844,      -8.252529073,      -8.338011154,       -7.75603991,      -10.47929663
          0,           0,         523,      -8.374795492,      -7.714691258,      -8.257868686,      -8.344231663,      -7.759764306,      -10.48207161
          0,           0,         524,      -8.378480614,      -7.718267709,       -8.26320772,      -8.350445483,      -7.763483475,      -10.48484758
          0,           0,         525,      -8.382161487,      -7.721841102,      -8.268545867,       -8.35665197,      -7.767197829,      -10.48762452
          0,           0,         526,      -8.385837418,      -7.725411304,      -8.273882708,      -8.362850377,      -7.770906685,       -10.4904024
          0,           0,         527,       -8.38950805,      -7.728978204,      -8.279217784,      -8.369039928,      -7.774609674,      -10.49318117
          0,           0,         528,      -8.393173014,      -7.732541655,      -8.284550489,      -8.375219088,      -7.778306422,      -10.49596081
          0,           0,         529,      -8.396832269,      -7.736101499,      -8.289880309,      -8.381386872,      -7.781996878,      -10.49874128
          0,           0,         530,      -8.400485724,      -7.739657635,      -8.295206668,      -8.387542156,      -7.785680915,      -10.50152255
          0,           0,         531,      -8.404133341,      -7.743209947,      -8.300528975,      -8.393683755,      -7.789358479,      -10.50430457
          0,           0,         532,      -8.407775196,      -7.746758318,      -8.305846672,      -8.399810469,      -7.793029685,       -10.5070873
          0,           0,         533,      -8.411411208,       -7.75030271,      -8.311159185,      -8.405921103,      -7.796694391,      -10.50987069
          0,           0,         534,      -8.415041438,      -7.753843056,      -8.316466019,      -8.412014587,      -7.800352647,      -10.51265472
          0,           0,         535,      -8.418666062,      -7.757379339,      -8.321766709,      -8.418089939,      -7.804004654,      -10.51543932
          0,           0,         536,      -8.422285011,      -7.760911623,      -8.327060789,      -8.424146292,      -7.807650232,      -10.51822447
          0,           0,         537,      -8.425898603,      -7.764439898,      -8.332347933,      -8.430182994,      -7.811289751,      -10.52101011
          0,           0,         538,      -8.429507094,      -7.767964277,      -8.337627816,      -8.436199466,      -7.814923474,       -10.5237962
          0,           0,         539,      -8.433110346,      -7.771484923,      -8.342900038,      -8.442195315,      -7.818551097,      -10.52658268
          0,           0,         540,       -8.43670908,      -7.775001844,       -8.34816474,      -8.448170372,      -7.822173531,      -10.52936953
          0,           0,         541,      -8.440303328,      -7.778515327,        -8.3534218,      -8.454124599,       -7.82579069,      -10.53215669
          0,           0,         542,      -8.443893086,       -7.78202555,      -8.358671252,      -8.460058259,      -7.829402426,       -10.5349441
          0,           0,         543,      -8.447479415,       -7.78553257,      -8.363913354,      -8.465971794,      -7.833010155,      -10.53773172
          0,           0,         544,      -8.451061835,      -7.789036878,      -8.369148095,      -8.471865652,         -7.836613,      -10.54051951
          0,           0,         545,      -8.454640769,      -7.792538454,      -8.374375967,      -8.477740831,      -7.840211452,      -10.54330741
          0,           0,         546,      -8.458217663,      -7.796037484,      -8.379597438,      -8.483598261,      -7.843807493,       -10.5460954
          0,           0,         547,      -8.461790871,       -7.79953472,      -8.384812505,      -8.489438865,      -7.847398492,      -10.54888341
          0,           0,         548,      -8.465362225,      -7.803029793,      -8.390022184,      -8.495264417,      -7.850987078,       -10.5516714
          0,           0,         549,       -8.46893273,      -7.806523208,      -8.395226787,      -8.501075944,      -7.854574584,      -10.55445936
          0,           0,         550,      -8.472499431,      -7.810015677,       -8.40042634,      -8.506874781,      -7.858156431,      -10.55724718
          0,           0,         551,      -8.476066949,      -7.813506235,      -8.405622573,       -8.51266322,      -7.861739397,      -10.56003489
          0,           0,         552,      -8.479632922,      -7.816996512,      -8.410814949,      -8.518442103,      -7.865319963,       -10.5628224
          0,           0,         553,      -8.483195918,      -7.820486125,       -8.41600414,      -8.524213551,      -7.868895825,      -10.56560956
          0,           0,         554,      -8.486765899,      -7.823973608,      -8.421192391,      -8.529978936,      -7.872481411,      -10.56839654
          0,           0,         555,      -8.490326359,      -7.827463446,      -8.426377013,      -8.535738279,      -7.876052634,      -10.57118316
          0,           0,         556,      -8.493884738,      -7.830951621,      -8.431561929,      -8.541497485,      -7.879622025,      -10.57396907
          0,           0,         557,      -8.497467621,       -7.83443612,      -8.436748405,      -8.547253342,      -7.883226496,      -10.57675483
          0,           0,         558,      -8.501031889,      -7.837926461,      -8.441929372,      -8.553000687,      -7.886798684,      -10.57954024
          0,           0,         559,      -8.504591038,      -7.841415347,      -8.447115001,      -8.558758459,      -7.890364668,      -10.58232472
          0,           0,         560,      -8.508189177,      -7.844900258,      -8.452304209,      -8.564524473,       -7.89399342,      -10.58510863
          0,           0,         561,      -8.511784631,      -7.848387387,      -8.457488249,      -8.570270572,      -7.897608502,      -10.58789238
          0,           0,         562,      -8.515357775,      -7.851877586,      -8.462676778,      -8.576023121,       -7.90118492,       -10.5906758
          0,           0,         563,      -8.518925307,      -7.855373014,      -8.467867045,      -8.581809623,      -7.904766653,      -10.59345779
          0,           0,         564,      -8.522543077,      -7.858856063,      -8.473064397,      -8.587591439,      -7.908423899,      -10.59623932
          0,           0,         565,      -8.526142455,       -7.86234513,      -8.478266335,       -8.59334512,      -7.912032923,      -10.59902139
          0,           0,         566,      -8.529666414,      -7.865850236,      -8.483460028,      -8.599141219,      -7.915537029,       -10.6018017
          0,           0,         567,      -8.533266557,      -7.869334179,      -8.488671476,      -8.604979876,      -7.919178016,      -10.60458079
          0,           0,         568,       -8.53688862,      -7.872819723,      -8.493894015,       -8.61076771,      -7.922827671,      -10.60736083
          0,           0,         569,      -8.540389316,      -7.876329321,      -8.499099432,      -8.616572389,      -7.926285014,      -10.61013922
          0,           0,         570,       -8.54396149,      -7.879816182,      -8.504325208,      -8.622453751,      -7.929888689,      -10.61291573
          0,           0,         571,      -8.547598459,       -7.88329822,      -8.509567031,      -8.628284062,      -7.933570764,      -10.61569326
          0,           0,         572,      -8.551091339,      -7.886809346,      -8.514786447,      -8.634100442,      -7.937010084,      -10.61846931
          0,           0,         573,      -8.554641943,      -7.890298873,      -8.520025877,      -8.640007642,      -7.940583035,      -10.62124303
          0,           0,         574,      -8.558285272,      -7.893778694,      -8.525283091,      -8.645869715,      -7.944282647,      -10.62401768
          0,           0,         575,      -8.561773928,      -7.897289762,       -8.53051461,      -8.651694524,      -7.947712731,      -10.62679097
          0,           0,         576,      -8.565306335,      -7.900781137,      -8.535765249,       -8.65761594,      -7.951258664,      -10.62956156
          0,           0,         577,      -8.568952825,      -7.904258959,      -8.541033828,      -8.663499489,      -7.954969855,      -10.63233291
          0,           0,         578,      -8.572440633,      -7.907768921,       -8.54627412,      -8.669326761,       -7.95839799,      -10.63510297
          0,           0,         579,       -8.57595868,      -7.911261337,      -8.551532031,      -8.675252671,      -7.961922153,      -10.63787004
          0,           0,         580,      -8.579605359,      -7.914737481,      -8.556807191,      -8.681148855,      -7.965639188,      -10.64063766
          0,           0,         581,       -8.58309314,      -7.918245604,      -8.562052341,      -8.686973429,      -7.969067363,      -10.64340402
          0,           0,         582,      -8.586597371,      -7.921738594,      -8.567313905,       -8.69289657,      -7.972569435,      -10.64616713
          0,           0,         583,      -8.590242967,      -7.925213103,       -8.57259194,      -8.698799849,      -7.976289589,      -10.64893053
          0,           0,         584,      -8.593733769,      -7.928718818,      -8.577838944,      -8.704617157,      -7.979723131,      -10.65169274
          0,           0,         585,      -8.597226119,      -7.932212222,      -8.583100785,      -8.710530572,      -7.983204789,      -10.65445149
          0,           0,         586,      -8.600868466,      -7.935685707,      -8.588378117,      -8.716436582,      -7.986923752,      -10.65721018
          0,           0,         587,      -8.604365465,      -7.939188523,      -8.593624455,      -8.722244006,      -7.990368069,      -10.65996771
          0,           0,         588,      -8.607846759,       -7.94268243,      -8.598883822,      -8.728141645,      -7.993828462,      -10.66272161
          0,           0,         589,       -8.61148208,      -7.946155897,      -8.604157679,      -8.734048789,      -7.997539305,      -10.66547498
          0,           0,         590,      -8.614992311,      -7.949654962,      -8.609402393,      -8.739846612,      -8.001006977,      -10.66822726
          0,           0,         591,      -8.618466536,      -7.953149475,      -8.614656929,      -8.745721696,      -8.004449485,      -10.67097593
          0,           0,         592,      -8.622085053,      -7.956625262,      -8.619924597,      -8.751628863,      -8.008135499,      -10.67372338
          0,           0,         593,      -8.625619055,      -7.960118917,       -8.62516821,      -8.757422967,      -8.011646632,      -10.67646975
          0,           0,         594,      -8.629095162,      -7.963613615,      -8.630415805,      -8.763267347,      -8.015081354,      -10.67921295
          0,           0,         595,      -8.632675402,      -7.967095928,      -8.635674439,       -8.76917081,      -8.018706162,      -10.68195381
