,Points_1,Pressure,,,,,,,,,,,,,,,r,v,q
1,-0.041283,138082,,-0.041283,0.165067,,0,-0.57871955,,,,,,,,,1.1,287.9793266,50805.26485
1,-0.0412612,143091,,0.123784,,,0.000132068,-0.62977725,,,,,,,,,,,
1,-0.0411447,136533,,,,,0.000837842,-0.278534125,,,,,,,,,,,
1,-0.0408845,126449,,,,,0.002414171,-0.073456954,,,,,,,,,,,
1,-0.0404199,129086,,,,,0.005228786,0.129917638,,,,,,,,,,,
1,-0.0396835,130960,,,,,0.009690005,0.275095505,,,,,,,,,,,
1,-0.0386735,121205,,,,,0.015808732,0.381675011,,,,,,,,,,,
1,-0.0373563,116641,,,,,0.023788522,0.48665232,,,,,,,,,,,
1,-0.0356896,106433,,,,,0.033885634,0.60906483,,,,,,,,,,,
1,-0.0336234,101677,,,,,0.046402976,0.607531524,,,,,,,,,,,
1,-0.0311008,94603.5,,,,,0.061685255,0.621112794,,,,,,,,,,,
1,-0.0280606,93426,,,,,0.080103231,0.621034062,,,,,,,,,,,
1,-0.0244406,89961.8,,,,,0.10203372,0.592420886,,,,,,,,,,,
1,-0.0201819,87131.9,,,,,0.127833546,0.580752804,,,,,,,,,,,
1,-0.0152348,86471.1,,,,,0.157803801,0.519664647,,,,,,,,,,,
1,-0.00956629,85920.5,,,,,0.192144463,0.468268398,,,,,,,,,,,
1,-0.0031673,85530.1,,,,,0.230910479,0.411299893,,,,,,,,,,,
1,0.00393963,85678,,,,,0.273965299,0.365446378,,,,,,,,,,,
1,0.0116947,87108.9,,,,,0.320946646,0.318114669,,,,,,,,,,,
1,0.0199985,88659.8,,,,,0.371252279,0.274774672,,,,,,,,,,,
1,0.028714,90038.3,,,,,0.424052052,0.232635339,,,,,,,,,,,
1,0.0376738,91331.7,,,,,0.478331829,0.19414917,,,,,,,,,,,
1,0.0466918,92758.7,,,,,0.53296419,0.158820154,,,,,,,,,,,
1,0.0555782,94186.7,,,,,0.5867993,0.125626744,,,,,,,,,,,
1,0.0641548,95578.6,,,,,0.638757595,0.09901336,,,,,,,,,,,
1,0.0722684,96679.3,,,,,0.687910969,0.065314097,,,,,,,,,,,
1,0.0798004,97893.4,,,,,0.733540926,0.035956903,,,,,,,,,,,
1,0.0866709,99421.6,,,,,0.775163418,0.013443489,,,,,,,,,,,
1,0.0928386,100506,,,,,0.812528246,-0.01200663,,,,,,,,,,,
1,0.0982966,102611,,,,,0.845593607,-0.051431678,,,,,,,,,,,
1,0.103065,104911,,,,,0.874481271,-0.055624156,,,,,,,,,,,
1,0.107186,106076,,,,,0.899446891,-0.12166062,,,,,,,,,,,
1,0.110713,109033,,,,,0.920813973,-0.121207911,,,,,,,,,,,
1,0.113707,110687,,,,,0.938952062,-0.133667249,,,,,,,,,,,
1,0.11623,110223,,,,,0.954236764,-0.330083901,,,,,,,,,,,
1,0.118344,121408,,,,,0.967043685,-0.193365787,,,,,,,,,,,
1,0.120108,118663,,,,,0.977730255,-0.389113216,,,,,,,,,,,
1,0.121572,128578,,,,,0.986599381,-0.750158475,,,,,,,,,,,
1,0.122784,152208,,,,,0.993941854,0.025174556,,,,,,,,,,,
,,,,,,,,,,,,,,,,,,,
2,-0.0411845,144649,,,,,0.002256054,-0.687133511,,,,,,,,,,,
2,-0.0409106,144299,,,,,0.005160329,-0.455346509,,,,,,,,,,,
2,-0.0404312,126238,,,,,0.00928108,-0.515911099,,,,,,,,,,,
2,-0.039751,103128,,,,,0.014922425,-0.367422551,,,,,,,,,,,
2,-0.0388198,100547,,,,,0.022237031,-0.453929333,,,,,,,,,,,
2,-0.0376124,82980.4,,,,,0.031422998,-0.375472897,,,,,,,,,,,
2,-0.0360961,74246,,,,,0.042729316,-0.232948298,,,,,,,,,,,
2,-0.0342298,70436.5,,,,,0.056451623,-0.101879205,,,,,,,,,,,
2,-0.0319647,67849.2,,,,,0.072921299,-0.029307986,,,,,,,,,,,
2,-0.0292461,64923.5,,,,,0.092489716,0.053598776,,,,,,,,,,,
2,-0.026016,61097.6,,,,,0.115508248,0.116338337,,,,,,,,,,,
2,-0.0222164,60007.8,,,,,0.142301611,0.172962389,,,,,,,,,,,
2,-0.0177937,59661.8,,,,,0.173130305,0.172828545,,,,,,,,,,,
2,-0.0127049,60114.7,,,,,0.20815584,0.199010871,,,,,,,,,,,
2,-0.00692334,63507.8,,,,,0.247392004,0.229919085,,,,,,,,,,,
2,-0.000446744,72656.7,,,,,0.290668819,0.227124099,,,,,,,,,,,
2,0.00669683,80593.7,,,,,0.337602307,0.231489788,,,,,,,,,,,
2,0.014444,83247.4,,,,,0.387583224,0.229747843,,,,,,,,,,,
2,0.0226942,85439.8,,,,,0.43979475,0.214239607,,,,,,,,,,,
2,0.0313126,87450.8,,,,,0.493250619,0.197192162,,,,,,,,,,,
2,0.0401364,89639.1,,,,,0.546867636,0.174411058,,,,,,,,,,,
2,0.0489868,91354.4,,,,,0.599546851,0.154763488,,,,,,,,,,,
2,0.0576824,93021,,,,,0.650263226,0.132216612,,,,,,,,,,,
2,0.066054,94594.2,,,,,0.698139543,0.108862733,,,,,,,,,,,
2,0.0739568,96062.5,,,,,0.742500318,0.08470382,,,,,,,,,,,
2,0.0812793,97642.7,,,,,0.782899671,0.063164714,,,,,,,,,,,
2,0.0879479,99066.6,,,,,0.819113451,0.043182532,,,,,,,,,,,
2,0.0939256,100447,,,,,0.851116819,0.019446803,,,,,,,,,,,
2,0.0992083,102204,,,,,0.879049113,-0.001436859,,,,,,,,,,,
2,0.103819,103630,,,,,0.903154477,-0.019840463,,,,,,,,,,,
2,0.107798,105202,,,,,0.923770348,-0.055939084,,,,,,,,,,,
2,0.111201,107170,,,,,0.941254157,-0.06522946,,,,,,,,,,,
2,0.114087,109614,,,,,0.955975452,-0.118688487,,,,,,,,,,,
2,0.116517,111327,,,,,0.968309838,-0.145555781,,,,,,,,,,,
2,0.118553,119145,,,,,0.978584454,-0.136521284,,,,,,,,,,,
2,0.120249,116248,,,,,0.987120381,-0.343684853,,,,,,,,,,,
2,0.121658,126215,,,,,0.994172063,-0.187323106,,,,,,,,,,,
2,0.122822,144518,,,,,1,-0.450012416,,,,,,,,,,,
2,0.123784,101204,,,,,,,,,,,,,,,,,
