"EVALUATION"    , "DRAG"          , "EFFICIENCY"    , "FORCE_X"       , "FORCE_Y"       , "FORCE_Z"       , "LIFT"          , "MOMENT_X"      , "MOMENT_Y"      , "MOMENT_Z"      , "SIDEFORCE"     , "Time_Iter"     , "Outer_Iter"    , "Inner_Iter"    , "RMS_DENSITY"   , "RMS_MOMENTUM-X", "RMS_MOMENTUM-Y", "RMS_ENERGY"    , "RefForce"      
1               , 0.02148054548   , 15.29226589     , 0.01430954472   , 0.3288766378    , 0.0             , 0.328486213     , 0.0             , 0.0             , 0.03411494339   , 0.0             , 0.0             , 0.0             , 469.0           , -13.02268866    , -13.39980278    , -13.61791729    , -12.46044495    , 0.448           
2               , 0.009219632261  , 26.04165955     , 0.003979803788  , 0.2402385138    , 0.0             , 0.2400945245    , 0.0             , 0.0             , 0.001976291275  , 0.0             , 0.0             , 0.0             , 453.0           , -13.00924988    , -13.64129789    , -13.51499248    , -12.44938874    , 0.448           
3               , 0.004102001892  , -1.386445982    , 0.004225091429  , -0.005596365942 , 0.0             , -0.005687204042 , 0.0             , 0.0             , -0.03642960619  , 0.0             , 0.0             , 0.0             , 577.0           , -13.00302938    , -13.60525802    , -13.45935359    , -12.45068587    , 0.448           
4               , 0.002758595219  , 11.11524248     , 0.002089040822  , 0.03071533637   , 0.0             , 0.03066245477   , 0.0             , 0.0             , -0.03393039318  , 0.0             , 0.0             , 0.0             , 566.0           , -13.00252771    , -13.71541431    , -13.50199937    , -12.448667      , 0.448           
5               , 0.01152670796   , 15.30415815     , 0.007675676053  , 0.1766160354    , 0.0             , 0.1764065616    , 0.0             , 0.0             , -0.008691347511 , 0.0             , 0.0             , 0.0             , 572.0           , -13.00615945    , -13.85326167    , -13.535167      , -12.45484366    , 0.448           
6               , 0.002284862825  , 20.59187414     , 0.001257937306  , 0.04708825521   , 0.0             , 0.04704960772   , 0.0             , 0.0             , -0.03304920374  , 0.0             , 0.0             , 0.0             , 558.0           , -13.00038125    , -13.66424268    , -13.50202649    , -12.4476055     , 0.448           
7               , 0.03867490957   , 6.088904382     , 0.03352856613   , 0.2362754753    , 0.0             , 0.2354878263    , 0.0             , 0.0             , 0.02814458719   , 0.0             , 0.0             , 0.0             , 579.0           , -13.01439349    , -13.83712054    , -13.54892522    , -12.4651398     , 0.448           
8               , 0.00164880697   , 47.13465588     , -4.694989736e-05, 0.07773342337   , 0.0             , 0.07771594912   , 0.0             , 0.0             , -0.03129708288  , 0.0             , 0.0             , 0.0             , 619.0           , -13.0016777     , -13.8910636     , -13.47228272    , -12.45000108    , 0.448           
9               , 0.07688454235   , 3.15354558      , 0.07157703269   , 0.2440784374    , 0.0             , 0.2424589086    , 0.0             , 0.0             , 0.06108006384   , 0.0             , 0.0             , 0.0             , 408.0           , -13.00694114    , -13.37738042    , -13.55178699    , -12.44761943    , 0.448           
10              , 0.001989266219  , 64.27176845     , -0.0008003200191, 0.1278666277    , 0.0             , 0.1278536578    , 0.0             , 0.0             , -0.0250681581   , 0.0             , 0.0             , 0.0             , 550.0           , -13.00903626    , -13.92356263    , -13.51684884    , -12.4586254     , 0.448           
11              , 0.001571149941  , 52.6651272      , -0.0002342925001, 0.08275939493   , 0.0             , 0.0827448115    , 0.0             , 0.0             , -0.03095545162  , 0.0             , 0.0             , 0.0             , 577.0           , -13.01233598    , -13.924535      , -13.59808032    , -12.46179721    , 0.448           
12              , 0.03429918486   , 6.749039723     , 0.02924116987   , 0.2321797063    , 0.0             , 0.2314865611    , 0.0             , 0.0             , 0.03132005256   , 0.0             , 0.0             , 0.0             , 494.0           , -13.00071573    , -13.81304181    , -13.52571259    , -12.45166135    , 0.448           
13              , 0.001336986871  , 83.34322484     , -0.0010941377   , 0.1114314465    , 0.0             , 0.1114287974    , 0.0             , 0.0             , -0.02796295775  , 0.0             , 0.0             , 0.0             , 563.0           , -13.00483873    , -13.72588751    , -13.5798594     , -12.45547281    , 0.448           
14              , 0.001566857028  , 74.15572534     , -0.0009682182982, 0.1161979498    , 0.0             , 0.1161914194    , 0.0             , 0.0             , -0.02597930829  , 0.0             , 0.0             , 0.0             , 571.0           , -13.0021371     , -13.86665577    , -13.54040699    , -12.45294419    , 0.448           
15              , 0.001311934039  , 85.48377233     , -0.00113489725  , 0.1121510019    , 0.0             , 0.1121490707    , 0.0             , 0.0             , -0.02783730033  , 0.0             , 0.0             , 0.0             , 509.0           , -13.0186661     , -13.86726438    , -13.56174538    , -12.46520555    , 0.448           
16              , 0.003253899635  , 16.5819109      , 0.00207608411   , 0.05401401723   , 0.0             , 0.05395587382   , 0.0             , 0.0             , -0.03099816488  , 0.0             , 0.0             , 0.0             , 662.0           , -13.00852538    , -13.82633108    , -13.51982764    , -12.45655247    , 0.448           
17              , 0.001204646964  , 89.92539295     , -0.001158810245 , 0.1083288516    , 0.0             , 0.1083283516    , 0.0             , 0.0             , -0.02845528048  , 0.0             , 0.0             , 0.0             , 499.0           , -13.00532017    , -13.95252358    , -13.52463195    , -12.45486157    , 0.448           
18              , 0.008427758328  , -6.346928284    , 0.009592639189  , -0.05329379786  , 0.0             , -0.0534903777   , 0.0             , 0.0             , -0.04008791698  , 0.0             , 0.0             , 0.0             , 710.0           , -13.01438374    , -13.42007812    , -13.54038067    , -12.45413079    , 0.448           
19              , 0.001086118977  , 89.54129027     , -0.001035691478 , 0.09725304465   , 0.0             , 0.09725249455   , 0.0             , 0.0             , -0.0303325453   , 0.0             , 0.0             , 0.0             , 548.0           , -13.00587109    , -13.9470506     , -13.50885454    , -12.45603045    , 0.448           
20              , 0.008867579537  , -14.39501228    , 0.01165011573   , -0.1274250941   , 0.0             , -0.1276489163   , 0.0             , 0.0             , -0.05393206042  , 0.0             , 0.0             , 0.0             , 703.0           , -13.0104279     , -13.61069165    , -13.5769431     , -12.45140165    , 0.448           
21              , 0.001081490876  , 75.144288       , -0.0006916155529, 0.0812721149    , 0.0             , 0.08126786185   , 0.0             , 0.0             , -0.03312121717  , 0.0             , 0.0             , 0.0             , 601.0           , -13.01087801    , -13.92783571    , -13.52592912    , -12.46175789    , 0.448           
22              , 0.008451436486  , -22.3152799     , 0.01256362906   , -0.1883669229   , 0.0             , -0.1885961708   , 0.0             , 0.0             , -0.0695609489   , 0.0             , 0.0             , 0.0             , 652.0           , -13.00163178    , -13.75341169    , -13.60787369    , -12.44358505    , 0.448           
23              , 0.001218988202  , 51.09281329     , -0.0001399664451, 0.06229330738   , 0.0             , 0.06228153661   , 0.0             , 0.0             , -0.03658950093  , 0.0             , 0.0             , 0.0             , 632.0           , -13.00395354    , -13.56909031    , -13.47924771    , -12.4514653     , 0.448           
24              , 0.00108967171   , 72.85555189     , -0.000642441522 , 0.07939351253   , 0.0             , 0.07938863382   , 0.0             , 0.0             , -0.03347661169  , 0.0             , 0.0             , 0.0             , 521.0           , -13.00472882    , -13.89107604    , -13.54508641    , -12.45433625    , 0.448           
25              , 0.001082259744  , 74.91783038     , -0.0006867607235, 0.08108486633   , 0.0             , 0.08108055193   , 0.0             , 0.0             , -0.03315676343  , 0.0             , 0.0             , 0.0             , 438.0           , -13.00933312    , -13.92022513    , -13.52493259    , -12.46024419    , 0.448           
26              , 0.001081567312  , 75.1216606      , -0.000691130557 , 0.0812533917    , 0.0             , 0.08124913253   , 0.0             , 0.0             , -0.0331247725   , 0.0             , 0.0             , 0.0             , 358.0           , -13.00483027    , -13.87676446    , -13.54397721    , -12.45476649    , 0.448           
27              , 0.001081498515  , 75.14202553     , -0.0006915670597, 0.08127024265   , 0.0             , 0.08126598898   , 0.0             , 0.0             , -0.03312157271  , 0.0             , 0.0             , 0.0             , 278.0           , -13.00763991    , -13.87164789    , -13.52496566    , -12.45765088    , 0.448           
28              , 0.001081491639  , 75.14406177     , -0.0006916107037, 0.08127192766   , 0.0             , 0.08126767455   , 0.0             , 0.0             , -0.03312125273  , 0.0             , 0.0             , 0.0             , 203.0           , -13.00810537    , -13.83305634    , -13.5335894     , -12.4579615     , 0.448           
29              , 0.001081490952  , 75.14426534     , -0.0006916150666, 0.08127209608   , 0.0             , 0.08126784303   , 0.0             , 0.0             , -0.03312122075  , 0.0             , 0.0             , 0.0             , 123.0           , -13.00529154    , -13.71376222    , -13.54239384    , -12.45354898    , 0.448           
30              , 0.001081490881  , 75.14428598     , -0.0006916155087, 0.08127211311   , 0.0             , 0.08126786006   , 0.0             , 0.0             , -0.03312121752  , 0.0             , 0.0             , 0.0             , 58.0            , -13.00907186    , -13.5606435     , -13.46633719    , -12.45683888    , 0.448           
31              , 0.00108149088   , 75.14428761     , -0.0006916155465, 0.08127211482   , 0.0             , 0.08126786177   , 0.0             , 0.0             , -0.0331212172   , 0.0             , 0.0             , 0.0             , 10.0            , -13.04735694    , -13.39612771    , -13.3710582     , -12.491072      , 0.448           
32              , 0.001081490876  , 75.14428798     , -0.0006916155526, 0.0812721149    , 0.0             , 0.08126786185   , 0.0             , 0.0             , -0.03312121717  , 0.0             , 0.0             , 0.0             , 10.0            , -13.13996814    , -14.01533831    , -13.65622104    , -12.59059114    , 0.448           
