Point ID,Density,Eddy_Viscosity,Energy,Heat_Flux,Laminar_Viscosity,Mach,Momentum_0,Momentum_1,Momentum_2,Momentum_Magnitude,Nu_Tilde,Points_0,Points_1,Points_2,Points_Magnitude,Pressure,Pressure_Coefficient,Skin_Friction_Coefficient_0,Skin_Friction_Coefficient_1,Skin_Friction_Coefficient_2,Skin_Friction_Coefficient_Magnitude,Temperature,Velocity_0,Velocity_1,Velocity_2,Velocity_Magnitude,Y_Plus
0,0.850493,0,2.44951,-0,6.05981e-08,0,0,0,0,0,0,1.04611,1.14845,-0.00988056,1.55351,0.979802,-0.0785805,0.00102513,0.000217971,9.95081e-05,0.00105276,1.13046,0,0,0,0,8.54523
1,0.849271,0,2.44589,-0,6.05964e-08,0,0,0,0,0,0,1.04215,1.14845,-0.010292,1.55084,0.978355,-0.0814736,0.00102966,0.000218971,9.83887e-05,0.00105728,1.13041,0,0,0,0,8.56567
2,0.845618,0,2.43505,-0,6.05903e-08,0,0,0,0,0,0,1.02998,1.14845,-0.0114986,1.5427,0.974019,-0.0901457,0.00104338,0.000222413,9.55085e-05,0.00107109,1.13026,0,0,0,0,8.62503
3,0.841833,0,2.42379,-0,6.05836e-08,0,0,0,0,0,0,1.01711,1.14845,-0.0127224,1.53414,0.969516,-0.0991534,0.00105784,0.000225775,9.30154e-05,0.00108566,1.1301,0,0,0,0,8.67879
4,0.837511,0,2.41094,-0,6.0576e-08,0,0,0,0,0,0,1.00357,1.14845,-0.0139594,1.52521,0.964378,-0.109429,0.00107275,0.000229191,9.07163e-05,0.00110071,1.12991,0,0,0,0,8.72956
5,0.832331,0,2.39557,-0,6.05672e-08,0,0,0,0,0,0,0.989407,1.14845,-0.0152024,1.51595,0.958228,-0.121728,0.00109002,0.000232916,8.84593e-05,0.00111813,1.12969,0,0,0,0,8.77847
6,0.826008,0,2.37684,-0,6.0557e-08,0,0,0,0,0,0,0.974687,1.14845,-0.0164383,1.50639,0.950737,-0.136711,0.00111114,0.000236571,8.59262e-05,0.00113929,1.12944,0,0,0,0,8.83505
7,0.849624,0,2.44952,-0,6.06451e-08,0,0,0,0,0,0,1.1277,1.14845,0,1.60955,0.979808,-0.0785692,1.30188e-05,4.64956e-05,-0.000617389,0.000619274,1.13162,0,0,0,0,6.39995
8,0.865875,0,2.49467,-0,6.06141e-08,0,0,0,0,0,0,1.12118,1.14845,-0.000887687,1.60499,0.997869,-0.042446,0.00109957,0.000248237,0.000138598,0.00113573,1.13085,0,0,0,0,8.78064
9,0.86697,0,2.49796,-0,6.06165e-08,0,0,0,0,0,0,1.11449,1.14845,-0.0017778,1.60032,0.999184,-0.0398165,0.000965136,0.000206892,0.00011962,0.000994285,1.13091,0,0,0,0,8.21351
10,0.866476,0,2.49688,-0,6.06229e-08,0,0,0,0,0,0,1.10749,1.14845,-0.00269306,1.59545,0.998752,-0.0406797,0.000940792,0.000201268,0.000114741,0.000968899,1.13107,0,0,0,0,8.1042
11,0.864692,0,2.49169,-0,6.0622e-08,0,0,0,0,0,0,1.10005,1.14845,-0.00365081,1.5903,0.996678,-0.0448288,0.000940277,0.00020058,0.000112795,0.000968026,1.13105,0,0,0,0,8.10931
12,0.862332,0,2.48475,-0,6.06193e-08,0,0,0,0,0,0,1.09208,1.14845,-0.0046582,1.5848,0.9939,-0.0503848,0.000949649,0.000201864,0.000111307,0.000977226,1.13098,0,0,0,0,8.15753
13,0.859605,0,2.47668,-0,6.06155e-08,0,0,0,0,0,0,1.0835,1.14845,-0.00571298,1.57891,0.990673,-0.0568392,0.000963374,0.000204043,0.000109395,0.000990803,1.13089,0,0,0,0,8.23088
14,0.856792,0,2.46834,-0,6.06111e-08,0,0,0,0,0,0,1.07425,1.14845,-0.00681017,1.57257,0.987338,-0.0635093,0.000979672,0.000207108,0.000107036,0.00100703,1.13078,0,0,0,0,8.31609
15,0.854255,0,2.46079,-0,6.06065e-08,0,0,0,0,0,0,1.06428,1.14845,-0.00794319,1.56579,0.984314,-0.0695558,0.000996848,0.000210909,0.000104291,0.00102424,1.13066,0,0,0,0,8.4034
16,0.85188,0,2.45368,-0,6.06015e-08,0,0,0,0,0,0,1.05358,1.14845,-0.00910557,1.55854,0.981472,-0.075241,0.00101409,0.000215135,0.000101375,0.0010416,1.13054,0,0,0,0,8.49096
17,0.818606,0,2.35494,-0,6.05454e-08,0,0,0,0,0,0,0.959474,1.14845,-0.017647,1.49661,0.941978,-0.154229,0.00113744,0.000239782,8.2698e-05,0.00116538,1.12915,0,0,0,0,8.90032
18,0.81031,0,2.33044,-0,6.0533e-08,0,0,0,0,0,0,0.943843,1.14845,-0.0188008,1.48665,0.932178,-0.173829,0.00116859,0.000242211,7.82283e-05,0.00119599,1.12884,0,0,0,0,8.97245
19,0.801541,0,2.30461,-0,6.05208e-08,0,0,0,0,0,0,0.927874,1.14845,-0.0198669,1.47658,0.921843,-0.194499,0.00120288,0.000243579,7.19754e-05,0.0012294,1.12854,0,0,0,0,9.04739
20,0.792804,0,2.27894,-0,6.05099e-08,0,0,0,0,0,0,0.911655,1.14845,-0.0208102,1.46645,0.911577,-0.215031,0.00123797,0.000243954,6.35777e-05,0.00126338,1.12827,0,0,0,0,9.11648
21,0.784709,0,2.25521,-0,6.05007e-08,0,0,0,0,0,0,0.895279,1.14845,-0.0215985,1.45634,0.902086,-0.234013,0.00127333,0.000244428,5.30682e-05,0.00129766,1.12804,0,0,0,0,9.18594
22,0.777776,0,2.23492,-0,6.04931e-08,0,0,0,0,0,0,0.878843,1.14845,-0.0222062,1.4463,0.893968,-0.250249,0.00130718,0.000245976,4.07099e-05,0.00133075,1.12786,0,0,0,0,9.2526
23,0.772469,0,2.21939,-0,6.04873e-08,0,0,0,0,0,0,0.862446,1.14845,-0.0226183,1.4364,0.887756,-0.262672,0.00133843,0.000249337,2.70547e-05,0.00136173,1.12771,0,0,0,0,9.31799
24,0.76908,0,2.20945,-0,6.04832e-08,0,0,0,0,0,0,0.846188,1.14845,-0.0228315,1.42671,0.88378,-0.270625,0.00136719,0.000254805,1.28103e-05,0.00139079,1.12761,0,0,0,0,9.38253
25,0.767692,0,2.20533,-0,6.04804e-08,0,0,0,0,0,0,0.83017,1.14845,-0.0228541,1.41726,0.882131,-0.273923,0.00139314,0.000261782,-1.39152e-06,0.00141752,1.12754,0,0,0,0,9.45004
26,0.768242,0,2.20685,-0,6.04792e-08,0,0,0,0,0,0,0.814489,1.14845,-0.0227026,1.40813,0.88274,-0.272705,0.0014167,0.000269079,-1.51349e-05,0.0014421,1.12751,0,0,0,0,9.51704
27,0.770602,0,2.21368,-0,6.04802e-08,0,0,0,0,0,0,0.799241,1.14845,-0.0223982,1.39936,0.885472,-0.267241,0.00143718,0.000274801,-2.82915e-05,0.00146349,1.12754,0,0,0,0,9.58154
28,0.774674,0,2.22561,-0,6.0485e-08,0,0,0,0,0,0,0.784516,1.14845,-0.0219626,1.391,0.890244,-0.257698,0.00145203,0.000276698,-4.09806e-05,0.00147873,1.12765,0,0,0,0,9.63214
29,0.780493,0,2.24277,-0,6.04938e-08,0,0,0,0,0,0,0.770396,1.14845,-0.0214148,1.38308,0.897107,-0.243971,0.00146072,0.000273825,-5.35604e-05,0.00148713,1.12787,0,0,0,0,9.66882
30,0.978354,0,2.82488,-0,6.07134e-08,0,0,0,0,0,0,0.670186,1.14845,-0.0107869,1.32974,1.12995,0.221721,0.00146677,0.000225742,-0.000520862,0.00157279,1.13331,0,0,0,0,10.352
31,0.979078,0,2.82702,-0,6.07142e-08,0,0,0,0,0,0,0.670114,1.14845,-0.0107645,1.3297,1.13081,0.22343,0.00146603,0.000226586,-0.000523537,0.00157311,1.13333,0,0,0,0,10.3547
32,1.05692,0,3.0565,-0,6.0785e-08,0,0,0,0,0,0,0.666473,1.14845,-0.0089546,1.32786,1.2226,0.407018,0.00125127,0.000386184,-0.000630726,0.00145349,1.13509,0,0,0,0,10.2233
33,1.13637,0,3.29104,-0,6.08515e-08,0,0,0,0,0,0,0.663753,1.14845,-0.00685927,1.32648,1.31642,0.594649,0.000929623,0.000606359,-0.000544614,0.00123631,1.13674,0,0,0,0,9.76
34,1.1888,0,3.44697,-0,6.09057e-08,0,0,0,0,0,0,0.661866,1.14845,-0.00462561,1.32553,1.37879,0.719388,0.000612303,0.000814557,-0.000215135,0.00104149,1.13809,0,0,0,0,9.05631
35,1.18038,0,3.42817,-0,6.09812e-08,0,0,0,0,0,0,0.660739,1.14845,-0.00232994,1.32496,1.37127,0.704351,0.000450348,0.00100295,0.000388198,0.00116594,1.13997,0,0,0,0,9.3407
36,1.09014,0,3.1824,-0,6.12191e-08,0,0,0,0,0,0,0.660358,1.14845,0,1.32477,1.27296,0.507734,0.000881701,0.00153339,0.00188558,0.00258536,1.1459,0,0,0,0,5.02266
37,0.972383,0,2.81958,-0,6.09086e-08,0,0,0,0,0,0,0.660739,1.14845,0.00232994,1.32496,1.12783,0.217482,0.000954774,0.000687901,0.00171448,0.00207948,1.13816,0,0,0,0,11.3346
38,0.813268,0,2.34398,-0,6.06313e-08,0,0,0,0,0,0,0.661866,1.14845,0.00462561,1.32553,0.937591,-0.163004,0.00139512,0.000281483,0.00185332,0.00233674,1.13128,0,0,0,0,11.2706
39,0.644768,0,1.84876,-0,6.03962e-08,0,0,0,0,0,0,0.663753,1.14845,0.00685927,1.32648,0.739505,-0.559174,0.00195244,-9.59787e-05,0.00188707,0.00271703,1.12546,0,0,0,0,10.9367
40,0.493542,0,1.40849,-0,6.0182e-08,0,0,0,0,0,0,0.666473,1.14845,0.0089546,1.32786,0.563397,-0.91139,0.0025148,-0.000452786,0.00170557,0.00307217,1.12017,0,0,0,0,10.2578
41,0.374084,0,1.06369,-0,6.00156e-08,0,0,0,0,0,0,0.670114,1.14845,0.0107645,1.3297,0.425477,-1.18723,0.00283602,-0.000695493,0.00127375,0.00318577,1.11607,0,0,0,0,9.21439
42,0.372964,0,1.06047,-0,6.00137e-08,0,0,0,0,0,0,0.670186,1.14845,0.0107869,1.32974,0.424187,-1.18981,0.00283586,-0.000696295,0.00126669,0.00318299,1.11603,0,0,0,0,9.19842
43,0.294345,0,0.8338,-0,5.98447e-08,0,0,0,0,0,0,0.693886,1.14845,0.0153527,1.34188,0.33352,-1.37114,0.00240438,-0.000496226,0.000361527,0.00248153,1.11187,0,0,0,0,7.50732
44,0.305819,0,0.867714,-0,5.99182e-08,0,0,0,0,0,0,0.702123,1.14845,0.0163837,1.34617,0.347086,-1.34401,0.00223993,-0.00043098,0.000293419,0.00229981,1.11368,0,0,0,0,7.40079
45,0.323637,0,0.921752,-0,6.00885e-08,0,0,0,0,0,0,0.711298,1.14845,0.0173845,1.35099,0.368701,-1.30078,0.00183152,-0.000311226,0.000205945,0.00186916,1.11787,0,0,0,0,6.87051
46,0.375797,0,1.07561,-0,6.03098e-08,0,0,0,0,0,0,0.721402,1.14845,0.0183354,1.35635,0.430243,-1.1777,0.00105763,-0.00011692,9.89098e-05,0.00106866,1.12333,0,0,0,0,5.52164
47,0.474795,0,1.3666,-0,6.05616e-08,0,0,0,0,0,0,0.732408,1.14845,0.0192225,1.36225,0.546641,-0.944903,0.000240888,4.89674e-05,1.53879e-05,0.000246295,1.12955,0,0,0,0,2.98235
48,0.574846,0,1.65879,-0,6.0684e-08,0,0,0,0,0,0,0.744277,1.14845,0.0200362,1.36868,0.663515,-0.711154,-0.000201843,0.000131184,-1.86899e-05,0.000241452,1.13259,0,0,0,0,3.27186
49,0.623883,0,1.8016,-0,6.0719e-08,0,0,0,0,0,0,0.75696,1.14845,0.0207694,1.37563,0.72064,-0.596904,-0.000356384,0.000167354,-2.55462e-05,0.00039455,1.13345,0,0,0,0,4.43207
50,0.634227,0,1.83126,-0,6.07136e-08,0,0,0,0,0,0,0.770396,1.14845,0.0214148,1.38308,0.732503,-0.573178,-0.000422791,0.000185134,-2.48645e-05,0.000462218,1.13332,0,0,0,0,4.84265
51,0.820461,0,2.37318,-0,6.07943e-08,0,0,0,0,0,0,1.05358,1.14845,0.00910557,1.55854,0.94927,-0.139644,-7.68088e-05,0.00048133,2.20724e-05,0.000487919,1.13532,0,0,0,0,5.68329
52,0.822049,0,2.37754,-0,6.079e-08,0,0,0,0,0,0,1.06428,1.14845,0.00794319,1.56579,0.951017,-0.136151,-6.41693e-05,0.000502476,2.24716e-05,0.000507055,1.13521,0,0,0,0,5.77873
53,0.82366,0,2.38189,-0,6.0784e-08,0,0,0,0,0,0,1.07425,1.14845,0.00681017,1.57257,0.952757,-0.132672,-5.47061e-05,0.000521263,2.30859e-05,0.000524634,1.13506,0,0,0,0,5.86368
54,0.82468,0,2.38445,-0,6.07765e-08,0,0,0,0,0,0,1.0835,1.14845,0.00571298,1.57891,0.95378,-0.130624,-4.92084e-05,0.000536765,2.39433e-05,0.000539547,1.13488,0,0,0,0,5.92867
55,0.826427,0,2.38903,-0,6.07675e-08,0,0,0,0,0,0,1.09208,1.14845,0.0046582,1.5848,0.955613,-0.126959,-4.52075e-05,0.000548924,2.47067e-05,0.000551337,1.13466,0,0,0,0,5.97964
56,0.788236,0,2.26563,-0,6.05061e-08,0,0,0,0,0,0,0.75696,1.14845,-0.0207694,1.37563,0.906252,-0.225682,0.00146638,0.000266738,-6.66678e-05,0.00149194,1.12818,0,0,0,0,9.69826
57,0.643287,0,1.85725,-0,6.07094e-08,0,0,0,0,0,0,0.784516,1.14845,0.0219626,1.391,0.742898,-0.552388,-0.000421709,0.000166006,-1.94885e-05,0.000453626,1.13321,0,0,0,0,4.83366
58,0.655231,0,1.89175,-0,6.071e-08,0,0,0,0,0,0,0.799241,1.14845,0.0223982,1.39936,0.756701,-0.524782,-0.000420843,0.00013131,-1.38268e-05,0.00044107,1.13323,0,0,0,0,4.80678
59,0.671574,0,1.93919,-0,6.07158e-08,0,0,0,0,0,0,0.814489,1.14845,0.0227026,1.40813,0.775676,-0.486833,-0.000423188,9.90336e-05,-8.3556e-06,0.000434702,1.13337,0,0,0,0,4.82085
60,0.691328,0,1.99659,-0,6.07241e-08,0,0,0,0,0,0,0.83017,1.14845,0.0228541,1.41726,0.798636,-0.440913,-0.0004152,7.65305e-05,-2.93832e-06,0.000422204,1.13358,0,0,0,0,4.80801
61,0.711118,0,2.0541,-0,6.07319e-08,0,0,0,0,0,0,0.846188,1.14845,0.0228315,1.42671,0.821638,-0.394908,-0.000400029,6.78575e-05,2.17207e-06,0.00040575,1.13377,0,0,0,0,4.77557
62,0.729809,0,2.10845,-0,6.07398e-08,0,0,0,0,0,0,0.862446,1.14845,0.0226183,1.4364,0.84338,-0.351425,-0.00037995,7.18493e-05,6.86595e-06,0.000386744,1.13397,0,0,0,0,4.73572
63,0.745904,0,2.15537,-0,6.07486e-08,0,0,0,0,0,0,0.878843,1.14845,0.0222062,1.4463,0.862147,-0.313891,-0.000355571,8.38531e-05,1.10071e-05,0.00036549,1.13419,0,0,0,0,4.67734
64,0.760168,0,2.19704,-0,6.07582e-08,0,0,0,0,0,0,0.895279,1.14845,0.0215985,1.45634,0.878817,-0.280551,-0.000331655,0.000102781,1.45748e-05,0.000347521,1.13443,0,0,0,0,4.62872
65,0.79814,0,2.29481,-0,6.05203e-08,0,0,0,0,0,0,0.744277,1.14845,-0.0200362,1.36868,0.917924,-0.202337,0.00147117,0.000256528,-8.10043e-05,0.00149557,1.12853,0,0,0,0,9.7325
66,0.810389,0,2.33082,-0,6.05357e-08,0,0,0,0,0,0,0.732408,1.14845,-0.0192225,1.36225,0.932328,-0.173528,0.0014745,0.000244446,-9.70389e-05,0.00149778,1.12891,0,0,0,0,9.77253
67,0.772199,0,2.23229,-0,6.07679e-08,0,0,0,0,0,0,0.911655,1.14845,0.0208102,1.46645,0.892915,-0.252355,-0.000308147,0.000128843,1.75286e-05,0.000334458,1.13466,0,0,0,0,4.59623
68,0.782066,0,2.26125,-0,6.07768e-08,0,0,0,0,0,0,0.927874,1.14845,0.0198669,1.47658,0.904501,-0.229182,-0.000284304,0.000162166,1.98276e-05,0.000327902,1.13489,0,0,0,0,4.59244
69,0.825105,0,2.37403,-0,6.05527e-08,0,0,0,0,0,0,0.721402,1.14845,-0.0183354,1.35635,0.949612,-0.138961,0.00147543,0.000232119,-0.000114946,0.00149799,1.12933,0,0,0,0,9.81082
70,0.842237,0,2.42437,-0,6.05724e-08,0,0,0,0,0,0,0.711298,1.14845,-0.0173845,1.35099,0.969749,-0.0986862,0.00146926,0.000220598,-0.000134205,0.00149177,1.12982,0,0,0,0,9.84164
71,0.861485,0,2.48106,-0,6.05961e-08,0,0,0,0,0,0,0.702123,1.14845,-0.0163837,1.34617,0.992424,-0.0533369,0.00145341,0.000211044,-0.000153901,0.0014767,1.13041,0,0,0,0,9.84492
72,0.882486,0,2.54293,-0,6.06211e-08,0,0,0,0,0,0,0.693886,1.14845,-0.0153527,1.34188,1.01717,-0.00384015,0.0014303,0.000204645,-0.00017336,0.00145522,1.13102,0,0,0,0,9.82817
73,0.901735,0,2.59949,-0,6.06404e-08,0,0,0,0,0,0,0.686584,1.14845,-0.0143148,1.33811,1.0398,0.041409,0.00141675,0.000198683,-0.000194633,0.00144379,1.1315,0,0,0,0,9.82395
74,0.913997,0,2.63527,-0,6.06479e-08,0,0,0,0,0,0,0.680192,1.14845,-0.0132928,1.33483,1.05411,0.0700329,0.0014539,0.000185172,-0.000240475,0.00148524,1.13169,0,0,0,0,9.93851
75,0.931093,0,2.6857,-0,6.06672e-08,0,0,0,0,0,0,0.674696,1.14845,-0.0121833,1.33203,1.07428,0.110377,0.00150582,0.000174104,-0.000351723,0.00155613,1.13217,0,0,0,0,10.1496
76,0.826884,0,2.38983,-0,6.07575e-08,0,0,0,0,0,0,1.10005,1.14845,0.00365081,1.5903,0.955933,-0.126319,-4.36219e-05,0.000554789,2.53369e-05,0.000557078,1.13441,0,0,0,0,5.99915
77,0.82997,0,2.39811,-0,6.07452e-08,0,0,0,0,0,0,1.10749,1.14845,0.00269306,1.59545,0.959242,-0.1197,-3.42414e-05,0.000554232,2.45484e-05,0.000555831,1.1341,0,0,0,0,5.99308
78,0.829525,0,2.39591,-0,6.07279e-08,0,0,0,0,0,0,1.11449,1.14845,0.0017778,1.60032,0.958365,-0.121455,-1.25716e-05,0.000531278,2.12594e-05,0.000531852,1.13367,0,0,0,0,5.86367
79,0.838895,0,2.42121,-0,6.06945e-08,0,0,0,0,0,0,1.12118,1.14845,0.000887687,1.60499,0.968482,-0.10122,9.22735e-05,0.000461145,4.95494e-06,0.000470312,1.13284,0,0,0,0,5.5533
80,0.819156,0,2.36949,-0,6.07961e-08,0,0,0,0,0,0,1.04611,1.14845,0.00988056,1.55351,0.947798,-0.142589,-8.73122e-05,0.000466027,2.1993e-05,0.000474646,1.13537,0,0,0,0,5.61277
81,0.789909,0,2.28431,-0,6.07843e-08,0,0,0,0,0,0,0.943843,1.14845,0.0188008,1.48665,0.913723,-0.210739,-0.000260042,0.000200558,2.14678e-05,0.000329099,1.13507,0,0,0,0,4.62863
82,0.796318,0,2.30313,-0,6.079e-08,0,0,0,0,0,0,0.959474,1.14845,0.017647,1.49661,0.92125,-0.195684,-0.000235135,0.000240246,2.24398e-05,0.000336912,1.13521,0,0,0,0,4.70225
83,0.801648,0,2.31874,-0,6.07939e-08,0,0,0,0,0,0,0.974687,1.14845,0.0164383,1.50639,0.927496,-0.183192,-0.000210207,0.000279144,2.28566e-05,0.000350187,1.13531,0,0,0,0,4.80791
84,0.806232,0,2.33213,-0,6.07965e-08,0,0,0,0,0,0,0.989407,1.14845,0.0152024,1.51595,0.932854,-0.172477,-0.000185092,0.000316316,2.28262e-05,0.000367201,1.13538,0,0,0,0,4.93344
85,0.810159,0,2.34358,-0,6.07982e-08,0,0,0,0,0,0,1.00357,1.14845,0.0139594,1.52521,0.93743,-0.163325,-0.000160108,0.000352399,2.25376e-05,0.000387721,1.13542,0,0,0,0,5.07788
86,0.813452,0,2.35314,-0,6.07989e-08,0,0,0,0,0,0,1.01711,1.14845,0.0127224,1.53414,0.941257,-0.155671,-0.000136072,0.000387893,2.22054e-05,0.000411667,1.13544,0,0,0,0,5.23537
87,0.816235,0,2.36118,-0,6.07987e-08,0,0,0,0,0,0,1.02998,1.14845,0.0114986,1.5427,0.944471,-0.149242,-0.000113553,0.000422188,2.19584e-05,0.000437743,1.13543,0,0,0,0,5.39905
88,0.818477,0,2.36758,-0,6.07971e-08,0,0,0,0,0,0,1.04215,1.14845,0.010292,1.55084,0.947034,-0.144117,-9.33749e-05,0.00045519,2.1921e-05,0.000465185,1.13539,0,0,0,0,5.55944
89,0.301945,0,0.856688,-0,5.99164e-08,0,0,0,0,0,0,0.674696,1.14845,0.0121833,1.33203,0.342675,-1.35283,0.0027808,-0.000736328,0.00080786,0.00298792,1.11363,0,0,0,0,8.1095
90,0.277666,0,0.786312,-0,5.98306e-08,0,0,0,0,0,0,0.680192,1.14845,0.0132928,1.33483,0.314525,-1.40913,0.00266555,-0.000673619,0.000551565,0.00280413,1.11152,0,0,0,0,7.62965
91,0.282633,0,0.799937,-0,5.98058e-08,0,0,0,0,0,0,0.686584,1.14845,0.0143148,1.33811,0.319975,-1.39824,0.00253888,-0.000578567,0.00043575,0.00264017,1.11091,0,0,0,0,7.54095
