Point ID,Density,Energy,Grid_Velocity_0,Grid_Velocity_1,Grid_Velocity_2,Grid_Velocity_Magnitude,Mach,Momentum_0,Momentum_1,Momentum_2,Momentum_Magnitude,Points_0,Points_1,Points_2,Points_Magnitude,Pressure,Pressure_Coefficient,Temperature,Velocity_0,Velocity_1,Velocity_2,Velocity_Magnitude
0,1.56995,364515,0,-272.271,32.1446,274.162,0.309572,0.253901,-172.152,16.3058,172.923,0.00832213,0.122784,1.04,1.04726,141996,0.745531,315.08,0.161681,-109.666,10.3914,110.157
1,1.5076,306350,0,-272.271,32.4064,274.193,0.8912,-18.9891,-407.798,37.014,409.914,0.00832135,0.123784,1.04,1.04737,100246,-0.0197797,231.64,-12.5881,-270.493,24.5463,271.896
2,1.44038,324170,0,-272.271,31.8274,274.125,0.294165,0.520162,-147.677,16.5325,148.601,0.00832173,0.121572,1.04,1.04711,126600,0.463324,306.188,0.361174,-102.53,11.4717,103.171
3,1.23675,281440,0,-272.271,31.4441,274.081,0.332949,0.721146,-144.126,13.0771,144.72,0.00831923,0.120108,1.04,1.04695,109187,0.144118,307.555,0.583184,-116.568,10.5592,117.046
4,1.38107,296524,0,-272.271,30.9825,274.028,0.162338,1.55378,-76.2798,13.4391,77.4702,0.00831342,0.118344,1.04,1.04674,117738,0.30087,296.981,1.12511,-55.2238,9.73027,56.0857
5,1.25962,273955,0,-272.271,30.4289,273.966,0.206362,1.85329,-89.3993,11.4991,90.1549,0.00830245,0.11623,1.04,1.04651,108291,0.127686,299.489,1.47135,-70.9801,9.12319,71.5792
6,1.26221,269702,0,-272.271,29.7683,273.894,0.153409,2.65924,-65.5358,12.4441,66.7598,0.0082838,0.113707,1.04,1.04623,107174,0.107225,295.793,2.10683,-51.9209,9.85984,52.8908
7,1.27457,270104,0,-272.271,28.9846,273.81,0.125505,3.59283,-53.3134,12.9515,54.9815,0.00825405,0.110713,1.04,1.04591,107567,0.114426,293.999,2.81884,-41.8288,10.1613,43.1375
8,1.24901,264428,0,-272.271,28.0613,273.714,0.123624,4.43304,-51.6819,11.1296,53.0522,0.00820869,0.107186,1.04,1.04554,105320,0.0732412,293.75,3.54924,-41.3783,8.91066,42.4754
9,1.24855,262480,0,-272.271,26.9825,273.605,0.10373,5.60216,-42.4906,11.4778,44.3687,0.00814203,0.103065,1.04,1.04513,104677,0.0614413,292.062,4.48681,-34.0334,9.1926,35.5374
10,1.22436,256537,0,-272.271,25.734,273.485,0.09662,6.71232,-38.6148,10.0632,40.4651,0.00804707,0.0982966,1.04,1.04467,102347,0.0187316,291.203,5.48232,-31.5412,8.21957,33.0525
11,1.21705,253484,0,-272.271,24.3051,273.354,0.080211,8.15253,-30.5536,10.4528,33.3053,0.00791562,0.0928386,1.04,1.04417,101211,-0.00208395,289.701,6.6985,-25.1053,8.5881,27.366
12,1.59877,394113,0,-272.271,-10.8021,272.486,0.786386,-71.8919,-425.238,3.48633,431.286,-0.014875,-0.0412612,1.04,1.04092,134375,0.605848,292.807,-44.9764,-265.967,2.18327,269.751
13,1.55785,383450,0,-272.271,-10.8079,272.486,0.805751,-38.9477,-426.856,4.82974,428.656,-0.0143763,-0.041283,1.04,1.04092,129790,0.521791,290.224,-24.9999,-274.005,3.09953,275.161
14,1.50556,364637,0,-272.271,-10.7716,272.484,0.749838,-104.045,-372.127,1.60384,386.402,-0.0153605,-0.0411447,1.04,1.04093,126019,0.452672,291.572,-69.0993,-247.177,1.06493,256.656
15,1.6134,373284,0,-272.271,32.1548,274.164,0.370045,69.3672,-198.72,13.1724,210.891,0.00804495,0.122822,1.04,1.04726,143800,0.778613,310.49,42.9933,-123.169,8.163,130.712
16,1.31055,297982,0,-272.271,-9.77985,272.447,0.424229,138.365,-135.267,5.02137,193.565,-0.00975428,-0.0373563,1.04,1.04072,113474,0.222712,301.632,105.579,-103.211,3.82911,147.696
17,1.21514,265228,0,-272.271,-9.34351,272.432,0.371589,130.698,-83.0367,1.28421,154.85,-0.00879583,-0.0356896,1.04,1.04065,102143,0.0149867,292.817,107.569,-68.3217,1.05967,127.437
18,1.36628,317960,0,-272.271,-10.1247,272.46,0.488733,141.22,-185.58,8.70225,233.364,-0.0106614,-0.0386735,1.04,1.04077,119212,0.327878,303.952,103.364,-135.829,6.37542,170.805
19,1.44255,344781,0,-272.271,-10.3891,272.47,0.559186,140.507,-245.537,4.7064,282.937,-0.0115197,-0.0396835,1.04,1.04082,126806,0.467099,306.217,97.4358,-170.161,3.25316,196.11
20,1.50606,370895,0,-272.271,-10.5819,272.477,0.653449,102.179,-329.904,3.6912,345.385,-0.0123299,-0.0404199,1.04,1.04086,132515,0.571753,306.524,67.8467,-219.048,2.4492,229.328
21,1.5416,379700,0,-272.271,-10.7104,272.482,0.710027,99.2738,-367.129,6.05748,380.363,-0.0130866,-0.0409106,1.04,1.04089,133093,0.582336,300.762,64.3789,-238.155,3.92837,246.734
22,1.63328,414407,0,-272.271,-10.7821,272.485,0.773576,14.4886,-440.471,6.77688,440.761,-0.0137756,-0.0411845,1.04,1.04091,141970,0.745066,302.821,8.90116,-269.664,4.14151,269.842
23,1.53525,367064,0,-272.271,-10.7035,272.482,0.674154,-152.328,-322.531,-2.83691,356.705,-0.0159108,-0.0408845,1.04,1.04092,130247,0.53017,295.563,-99.2496,-210.047,-1.82629,232.322
24,1.32003,298317,0,-272.271,-10.5849,272.477,0.578422,-168.485,-197.521,0.457605,259.619,-0.0164975,-0.0404312,1.04,1.04092,109109,0.142693,287.896,-127.682,-149.605,0.342097,196.684
25,1.32674,294257,0,-272.271,-10.4068,272.47,0.475026,-149.945,-154.527,-0.893368,215.321,-0.0170897,-0.039751,1.04,1.0409,110706,0.171965,290.704,-113.061,-116.393,-0.668657,162.267
26,1.18807,259029,0,-272.271,-10.163,272.461,0.373683,-122.516,-90.2438,-0.100869,152.165,-0.0176655,-0.0388198,1.04,1.04087,99712.9,-0.0295513,292.375,-103.122,-75.9591,-0.0847878,128.078
27,1.09046,224760,0,-272.271,-9.8469,272.449,0.298921,-107.549,-19.5865,-2.2305,109.341,-0.0182122,-0.0376124,1.04,1.04084,87710,-0.249577,280.192,-98.6306,-17.956,-2.04938,100.273
28,0.971589,192021,0,-272.271,-9.44994,272.435,0.27175,-83.1174,24.9289,-4.24786,86.8792,-0.0187211,-0.0360961,1.04,1.04079,75252.7,-0.477932,269.804,-85.5526,25.6686,-4.38407,89.4279
29,0.939421,184154,0,-272.271,-8.96135,272.419,0.215575,-59.8017,29.3539,1.98137,66.647,-0.019183,-0.0342298,1.04,1.04074,72715.7,-0.524438,269.632,-63.6615,31.2551,2.10557,70.9514
30,0.909441,174305,0,-272.271,-8.36834,272.4,0.213496,-43.2288,46.1041,-0.24498,63.2011,-0.0195863,-0.0319647,1.04,1.04068,68843.4,-0.59542,263.703,-47.5335,50.6944,-0.268313,69.494
31,0.864096,162609,0,-272.271,-7.65661,272.379,0.238745,-28.0969,60.1979,1.10969,66.4414,-0.0199154,-0.0292461,1.04,1.0406,64021.7,-0.683808,258.101,-32.5161,69.6648,1.28331,76.8904
32,0.851444,159366,0,-272.271,-6.81097,272.357,0.238742,-14.8804,63.5714,0.121803,65.2898,-0.0201506,-0.026016,1.04,1.04052,62744.6,-0.707217,256.715,-17.4766,74.663,0.143077,76.6813
33,1.30623,300888,0,-272.271,31.4812,274.085,0.386674,53.2308,-169.073,12.7984,177.716,0.00731012,0.120249,1.04,1.04695,115519,0.26019,308.081,40.7497,-129.439,9.79722,136.055
34,1.39751,309174,0,-272.271,31.0371,274.035,0.299973,72.0362,-126.108,11.7351,145.706,0.00682969,0.118553,1.04,1.04676,120629,0.353855,300.693,51.5471,-90.2302,8.39885,104.255
35,1.39995,322830,0,-272.271,31.8499,274.128,0.394546,56.1165,-185.731,9.93406,194.278,0.00771132,0.121658,1.04,1.04712,123738,0.410854,307.907,40.0846,-132.669,7.09716,138.774
36,1.11847,229176,0,-272.271,12.8247,272.573,0.170837,63.3159,-9.83918,7.00232,64.4573,-0.0105174,0.0489868,1.04,1.04121,90927.5,-0.190597,283.206,56.6094,-8.79659,6.26121,57.6299
37,1.10363,224438,0,-272.271,10.5077,272.474,0.164227,60.5112,-2.4058,6.68656,60.9271,-0.0123693,0.0401364,1.04,1.04085,89102.4,-0.224053,281.254,54.8293,-2.17891,6.05964,55.2061
38,1.1372,234612,0,-272.271,15.1012,272.69,0.177602,65.5968,-18.0746,6.40761,68.3425,-0.00860323,0.0576824,1.04,1.04163,93023.4,-0.152178,284.962,57.6828,-15.8936,5.63518,60.0971
39,1.14916,238693,0,-272.271,17.2929,272.82,0.184864,67.2236,-25.1739,6.79858,72.1038,-0.00668288,0.066054,1.04,1.04212,94572.1,-0.123787,286.692,58.4981,-21.906,5.91668,62.7448
40,1.16705,243702,0,-272.271,19.3618,272.959,0.191894,69.0084,-31.6261,6.47442,76.1859,-0.00480716,0.0739568,1.04,1.04264,96486.1,-0.0887023,288.009,59.1305,-27.0988,5.54825,65.2804
41,1.18034,247939,0,-272.271,21.2789,273.102,0.199705,69.9778,-38.9497,7.01905,80.3943,-0.00301833,0.0812793,1.04,1.04318,98080.5,-0.0594758,289.471,59.2858,-32.9982,5.94721,68.1106
42,1.194,252096,0,-272.271,23.0247,273.243,0.207331,70.9357,-45.4148,8.04118,84.6111,-0.00134834,0.0879479,1.04,1.04371,99639.1,-0.0309048,290.707,59.4099,-38.0351,6.73524,70.863
43,1.20811,256452,0,-272.271,24.5897,273.379,0.216028,71.4249,-53.0702,8.59727,89.3972,0.000181479,0.0939256,1.04,1.04423,101257,-0.0012388,291.978,59.1209,-43.9276,7.11666,73.9971
44,1.21528,259497,0,-272.271,25.9727,273.507,0.223702,71.6137,-59.3107,8.29033,93.3542,0.0015596,0.0992083,1.04,1.04472,102364,0.0190518,293.429,58.9275,-48.804,6.8222,76.8168
45,1.24256,266386,0,-272.271,27.1797,273.625,0.232707,72.5591,-67.6188,6.96457,99.4265,0.00278285,0.103819,1.04,1.04517,104963,0.066684,294.271,58.3945,-54.4186,5.60555,80.0171
46,1.23996,269244,0,-272.271,28.2215,273.73,0.251031,69.5763,-81.7284,7.45262,107.592,0.00385465,0.107798,1.04,1.04558,105830,0.0825876,297.326,56.1113,-65.9112,6.01208,86.7692
47,1.27411,276447,0,-272.271,29.1123,273.823,0.252522,72.4014,-83.8855,8.79653,111.158,0.00478318,0.111201,1.04,1.04594,108639,0.134072,297.036,56.8249,-65.8376,6.90488,87.243
48,1.28432,280266,0,-272.271,29.8678,273.905,0.265794,71.1789,-93.9158,8.77966,118.168,0.00557975,0.114087,1.04,1.04625,109932,0.157769,298.18,55.4215,-73.1251,6.83581,92.0084
49,1.2021,249708,0,-272.271,22.6904,273.215,0.0731782,9.60858,-26.5169,10.1588,29.9778,0.00773845,0.0866709,1.04,1.04363,99733.8,-0.0291683,289.024,7.99321,-22.0591,8.45119,24.9383
50,1.19392,246758,0,-272.271,20.8917,273.072,0.0618627,11.3888,-20.2914,9.44123,25.1114,0.00750558,0.0798004,1.04,1.04308,98597.4,-0.0500006,287.688,9.53901,-16.9957,7.90749,21.0327
51,1.1821,243501,0,-272.271,18.9198,272.928,0.0565995,13.2951,-16.0433,9.03809,22.712,0.00720665,0.0722684,1.04,1.04253,97313.1,-0.0735425,286.779,11.247,-13.5717,7.64565,19.2131
52,1.11335,227496,0,-272.271,-5.2836,272.323,0.210184,78.5491,-1.87103,3.90582,78.6684,-0.00324805,-0.0201819,1.04,1.0402,89886.7,-0.209675,281.252,70.5518,-1.67908,3.50669,70.6588
53,1.09896,222281,0,-272.271,-3.98847,272.301,0.191732,69.8907,8.17502,4.95923,70.5417,-0.00203824,-0.0152348,1.04,1.04011,88006.7,-0.244138,278.975,63.5972,7.43957,4.51166,64.1896
54,1.12541,231281,0,-272.271,-6.39854,272.346,0.235204,88.4476,-9.99194,4.11845,89.1055,-0.00444109,-0.0244406,1.04,1.0403,91101.4,-0.18741,281.999,78.5914,-8.87834,3.65865,79.1759
55,1.16124,243664,0,-272.271,-7.34626,272.37,0.259251,96.8116,-32.6995,3.21157,102.235,-0.00560154,-0.0280606,1.04,1.04039,95665.4,-0.103746,286.987,83.3687,-28.1571,2.76489,88.0387
56,1.16575,245591,0,-272.271,-8.14217,272.393,0.293244,108.077,-41.552,6.55695,115.975,-0.00671804,-0.0311008,1.04,1.04049,95926.5,-0.0989607,286.657,92.7152,-35.6235,5.61857,99.4822
57,1.22071,264007,0,-272.271,-8.80258,272.414,0.32968,118.899,-69.4039,8.84143,137.957,-0.00778377,-0.0336234,1.04,1.04057,102484,0.0212409,292.466,97.4019,-56.8498,7.23887,113.011
58,1.00384,196315,0,-272.271,1.75323,272.277,0.167286,41.2409,35.9234,8.51915,55.3523,-0.0181381,0.00669683,1.04,1.04018,77915.4,-0.429121,270.391,41.083,35.7868,8.4876,55.1412
59,0.946538,181162,0,-272.271,-0.116957,272.271,0.212814,34.3984,55.2786,7.41813,65.5286,-0.0190092,-0.000446744,1.04,1.04017,71557.4,-0.54567,263.357,36.3415,58.4014,7.83647,69.2303
60,1.03497,205101,0,-272.271,3.78143,272.298,0.155771,47.2234,24.0647,7.40865,53.5168,-0.0170205,0.014444,1.04,1.04024,81486.6,-0.363658,274.278,45.6277,23.2531,7.15949,51.7094
61,1.0601,212215,0,-272.271,5.94134,272.336,0.155118,52.4453,14.5958,6.82741,54.8649,-0.0156666,0.0226942,1.04,1.04037,84317.8,-0.311759,277.079,49.4719,13.7693,6.44121,51.7547
62,1.08389,218996,0,-272.271,8.19761,272.395,0.157774,56.7108,4.77812,6.75943,57.3117,-0.0141027,0.0313126,1.04,1.04057,86992.1,-0.262736,279.593,52.3213,4.41,6.23797,52.8761
63,1.17097,240170,0,-272.271,16.7957,272.789,0.0522418,15.5492,-10.6885,8.56637,20.7221,0.00683133,0.0641548,1.04,1.042,95994.7,-0.0977094,285.582,13.2788,-9.12773,7.31542,17.6963
64,1.15813,236635,0,-272.271,14.5503,272.66,0.0526757,18.1194,-6.04557,7.78246,20.6259,0.00636967,0.0555782,1.04,1.0415,94580.6,-0.123631,284.495,15.6453,-5.21998,6.71971,17.8095
65,1.14646,233229,0,-272.271,12.2239,272.546,0.0585017,21.2049,-0.810285,7.83876,22.6219,0.00581273,0.0466918,1.04,1.04106,93202.4,-0.148895,283.203,18.4959,-0.706669,6.83721,19.7318
66,1.1347,229970,0,-272.271,9.86298,272.45,0.0685449,24.8252,3.74825,7.42583,26.1817,0.00515333,0.0376738,1.04,1.04069,91867.3,-0.17337,282.041,21.8783,3.30336,6.54422,23.0737
67,1.12081,226306,0,-272.271,7.51732,272.375,0.0823371,29.0487,8.11052,7.15624,30.9971,0.00438734,0.028714,1.04,1.04041,90350.7,-0.201169,280.822,25.9176,7.23635,6.38484,27.656
68,1.11041,223429,0,-272.271,5.23561,272.322,0.0987651,34.0912,12.1787,6.38693,36.7603,0.003515,0.0199985,1.04,1.0402,89128.3,-0.223577,279.616,30.7015,10.9678,5.75202,33.1053
69,1.09876,220568,0,-272.271,3.06167,272.289,0.117052,39.7647,15.0402,6.65935,43.0324,0.00254227,0.0116947,1.04,1.04007,87890,-0.246277,278.656,36.1907,13.6884,6.06085,39.1647
70,1.09194,218919,0,-272.271,1.03139,272.273,0.136067,46.2979,16.7739,6.33723,49.6489,0.00148114,0.00393963,1.04,1.04001,87115.9,-0.260467,277.925,42.3997,15.3616,5.804,45.4687
71,1.08874,218310,0,-272.271,-0.829196,272.273,0.155562,53.6205,17.0396,5.73116,56.554,0.000349322,-0.0031673,1.04,1.04,86736.2,-0.267427,277.527,49.2501,15.6509,5.26476,51.9446
72,1.09196,219664,0,-272.271,-2.50445,272.283,0.173142,61.4692,13.7172,5.04571,63.183,-0.000831594,-0.00956629,1.04,1.04004,87134.1,-0.260134,277.978,56.2921,12.562,4.61969,57.8614
73,0.868564,162294,0,-272.271,-5.81623,272.333,0.243985,-3.42348,67.8117,3.17231,67.9721,-0.0202683,-0.0222164,1.04,1.04043,63852.6,-0.686907,256.1,-3.94162,78.0891,3.64968,78.2736
74,0.861385,160364,0,-272.271,-4.65839,272.311,0.264541,7.28068,72.3865,3.9969,72.8615,-0.0202412,-0.0177937,1.04,1.04035,62912.7,-0.704136,254.434,8.45234,84.0411,4.63855,84.5923
75,0.854818,158549,0,-272.271,-3.32613,272.292,0.285054,17.0466,75.6039,4.82428,77.6518,-0.0200405,-0.0127049,1.04,1.04027,62008.9,-0.720703,252.704,19.9418,88.4444,5.64364,90.8402
76,0.882191,165289,0,-272.271,-1.81253,272.277,0.265992,26.0672,70.3838,5.58267,75.2632,-0.0196378,-0.00692334,1.04,1.04021,64831.2,-0.668967,256.004,29.5486,79.7845,6.32759,85.3154
77,1.25216,278137,0,-272.271,30.5042,273.975,0.293074,65.0253,-109.357,13.0349,127.895,0.00625738,0.116517,1.04,1.04653,108642,0.134127,302.252,51.9308,-87.3368,10.4106,102.142
