Point ID,Density,Eddy_Viscosity,Energy,Heat_Flux,Laminar_Viscosity,Mach,Momentum_0,Momentum_1,Momentum_2,Momentum_Magnitude,Nu_Tilde,Points_0,Points_1,Points_2,Points_Magnitude,Pressure,Pressure_Coefficient,Skin_Friction_Coefficient_0,Skin_Friction_Coefficient_1,Skin_Friction_Coefficient_2,Skin_Friction_Coefficient_Magnitude,Temperature,Velocity_0,Velocity_1,Velocity_2,Velocity_Magnitude,Y_Plus,,
0,1.00024,0,79.8265,0,8.57E-08,0,0,0,0,0,0,1,5.35E-08,0,1,31.9306,0.3691,1.61E-16,8.16E-07,0,8.16E-07,1.00557,0,0,0,0,0.00615563,,123
1,0.999933,0,79.7819,0,8.57E-08,0,0,0,0,0,0,0.999001,-0.000141592,0,0.999001,31.9128,0.333469,0.00294589,0.00041742,0,0.00297532,1.00532,0,0,0,0,0.372426,,
2,0.999761,0,79.7619,0,8.57E-08,0,0,0,0,0,0,0.997966,-0.000288179,0,0.997966,31.9048,0.317437,0.00283942,0.000401813,0,0.00286771,1.00524,0,0,0,0,0.365415,,
3,0.999615,0,79.7412,0,8.57E-08,0,0,0,0,0,0,0.996893,-0.000439859,0,0.996893,31.8965,0.300874,0.00268155,0.000378958,0,0.0027082,1.00513,0,0,0,0,0.35492,,
4,0.999465,0,79.7228,0,8.57E-08,0,0,0,0,0,0,0.995782,-0.000596789,0,0.995782,31.8891,0.286146,0.0026344,0.000371775,0,0.0026605,1.00504,0,0,0,0,0.351593,,
5,0.999314,0,79.7068,0,8.57E-08,0,0,0,0,0,0,0.994631,-0.000759131,0,0.994631,31.8827,0.273381,0.00265621,0.000374311,0,0.00268245,1.005,0,0,0,0,0.352849,,
6,0.999169,0,79.693,0,8.57E-08,0,0,0,0,0,0,0.993438,-0.000927049,0,0.993439,31.8772,0.262316,0.00270789,0.000381025,0,0.00273457,1.00497,0,0,0,0,0.35607,,
7,0.999035,0,79.6806,0,8.57E-08,0,0,0,0,0,0,0.992203,-0.00110071,0,0.992204,31.8723,0.252454,0.00276771,0.00038884,0,0.00279489,1.00495,0,0,0,0,0.35979,,
8,0.998913,0,79.6694,0,8.57E-08,0,0,0,0,0,0,0.990924,-0.00128029,0,0.990925,31.8678,0.243449,0.0028261,0.000396408,0,0.00285376,1.00493,0,0,0,0,0.363379,,
9,0.998801,0,79.6589,0,8.56E-08,0,0,0,0,0,0,0.989599,-0.00146596,0,0.9896,31.8636,0.23507,0.00287953,0.000403235,0,0.00290762,1.00491,0,0,0,0,0.366618,,
10,0.998697,0,79.649,0,8.56E-08,0,0,0,0,0,0,0.988228,-0.00165789,0,0.988229,31.8596,0.227163,0.00292737,0.000409233,0,0.00295584,1.00489,0,0,0,0,0.369477,,
11,0.9986,0,79.6396,0,8.56E-08,0,0,0,0,0,0,0.986807,-0.00185628,0,0.986809,31.8559,0.219653,0.00297025,0.000414494,0,0.00299904,1.00487,0,0,0,0,0.372005,,
12,0.998508,0,79.6307,0,8.56E-08,0,0,0,0,0,0,0.985337,-0.00206129,0,0.985339,31.8523,0.212486,0.00300922,0.000419164,0,0.00303827,1.00485,0,0,0,0,0.374275,,
13,0.998421,0,79.6221,0,8.56E-08,0,0,0,0,0,0,0.983815,-0.00227313,0,0.983817,31.8488,0.205622,0.00304526,0.000423382,0,0.00307455,1.00483,0,0,0,0,0.376351,,
14,0.998337,0,79.6139,0,8.56E-08,0,0,0,0,0,0,0.982239,-0.00249197,0,0.982242,31.8455,0.199027,0.00307908,0.000427249,0,0.00310858,1.00481,0,0,0,0,0.378282,,
15,0.998257,0,79.6059,0,8.56E-08,0,0,0,0,0,0,0.980609,-0.00271801,0,0.980612,31.8424,0.192674,0.00311115,0.000430827,0,0.00314084,1.00479,0,0,0,0,0.380099,,
16,0.99818,0,79.5983,0,8.56E-08,0,0,0,0,0,0,0.978921,-0.00295145,0,0.978926,31.8393,0.186537,0.00314172,0.000434152,0,0.00317158,1.00477,0,0,0,0,0.381818,,
17,0.998106,0,79.5908,0,8.56E-08,0,0,0,0,0,0,0.977175,-0.00319247,0,0.97718,31.8363,0.180598,0.00317094,0.000437246,0,0.00320095,1.00475,0,0,0,0,0.383449,,
18,0.998035,0,79.5836,0,8.56E-08,0,0,0,0,0,0,0.975369,-0.00344128,0,0.975375,31.8335,0.174839,0.00319894,0.000440124,0,0.00322907,1.00473,0,0,0,0,0.385003,,
19,0.997966,0,79.5766,0,8.56E-08,0,0,0,0,0,0,0.9735,-0.00369808,0,0.973507,31.8307,0.169246,0.00322581,0.0004428,0,0.00325606,1.00471,0,0,0,0,0.386485,,
20,0.997899,0,79.5698,0,8.56E-08,0,0,0,0,0,0,0.971568,-0.00396307,0,0.971576,31.8279,0.163808,0.00325166,0.000445289,0,0.003282,1.00469,0,0,0,0,0.387903,,
21,0.997834,0,79.5632,0,8.56E-08,0,0,0,0,0,0,0.969569,-0.00423645,0,0.969578,31.8253,0.158514,0.00327657,0.000447601,0,0.003307,1.00467,0,0,0,0,0.389263,,
22,0.997772,0,79.5568,0,8.56E-08,0,0,0,0,0,0,0.967502,-0.00451843,0,0.967513,31.8227,0.153355,0.00330064,0.000449748,0,0.00333114,1.00465,0,0,0,0,0.39057,,
23,0.997711,0,79.5505,0,8.56E-08,0,0,0,0,0,0,0.965366,-0.0048092,0,0.965378,31.8202,0.148322,0.00332393,0.000451739,0,0.00335449,1.00464,0,0,0,0,0.39183,,
24,0.997653,0,79.5443,0,8.56E-08,0,0,0,0,0,0,0.963157,-0.00510898,0,0.96317,31.8177,0.143406,0.0033465,0.00045358,0,0.0033771,1.00462,0,0,0,0,0.393045,,
25,0.997595,0,79.5383,0,8.56E-08,0,0,0,0,0,0,0.960874,-0.00541796,0,0.960889,31.8153,0.138597,0.00336841,0.00045528,0,0.00339904,1.0046,0,0,0,0,0.394219,,
26,0.997539,0,79.5324,0,8.56E-08,0,0,0,0,0,0,0.958515,-0.00573636,0,0.958532,31.813,0.133884,0.00338968,0.000456841,0,0.00342033,1.00458,0,0,0,0,0.395356,,
27,0.997485,0,79.5266,0,8.56E-08,0,0,0,0,0,0,0.956078,-0.00606436,0,0.956097,31.8107,0.129257,0.00341037,0.00045827,0,0.00344102,1.00456,0,0,0,0,0.396457,,
28,0.997432,0,79.521,0,8.56E-08,0,0,0,0,0,0,0.95356,-0.00640218,0,0.953582,31.8084,0.124706,0.00343051,0.000459571,0,0.00346116,1.00454,0,0,0,0,0.397526,,
29,0.997379,0,79.5154,0,8.56E-08,0,0,0,0,0,0,0.95096,-0.00675,0,0.950984,31.8061,0.12022,0.00345014,0.000460748,0,0.00348077,1.00453,0,0,0,0,0.398564,,
30,0.997328,0,79.5098,0,8.56E-08,0,0,0,0,0,0,0.948275,-0.00710804,0,0.948301,31.8039,0.115786,0.00346928,0.000461803,0,0.00349988,1.00451,0,0,0,0,0.399573,,
31,0.997277,0,79.5043,0,8.56E-08,0,0,0,0,0,0,0.945502,-0.00747646,0,0.945532,31.8017,0.111397,0.00348796,0.00046274,0,0.00351852,1.00449,0,0,0,0,0.400555,,
32,0.997226,0,79.4989,0,8.56E-08,0,0,0,0,0,0,0.942641,-0.00785548,0,0.942673,31.7995,0.107037,0.00350621,0.00046356,0,0.00353672,1.00447,0,0,0,0,0.401511,,
33,0.997176,0,79.4934,0,8.56E-08,0,0,0,0,0,0,0.939687,-0.00824527,0,0.939724,31.7974,0.102694,0.00352404,0.000464267,0,0.00355449,1.00445,0,0,0,0,0.402443,,
34,0.997126,0,79.488,0,8.56E-08,0,0,0,0,0,0,0.93664,-0.00864601,0,0.93668,31.7952,0.0983594,0.00354147,0.000464862,0,0.00357185,1.00444,0,0,0,0,0.403352,,
35,0.997075,0,79.4826,0,8.56E-08,0,0,0,0,0,0,0.933497,-0.00905787,0,0.933541,31.793,0.0940229,0.0035586,0.000465356,0,0.0035889,1.00442,0,0,0,0,0.404243,,
36,0.997024,0,79.4771,0,8.56E-08,0,0,0,0,0,0,0.930255,-0.00948102,0,0.930303,31.7909,0.0896508,0.00357539,0.000465745,0,0.0036056,1.0044,0,0,0,0,0.405114,,
37,0.996973,0,79.4716,0,8.56E-08,0,0,0,0,0,0,0.926912,-0.00991563,0,0.926965,31.7886,0.0852281,0.00359188,0.000466031,0,0.00362198,1.00438,0,0,0,0,0.405967,,
38,0.996921,0,79.4661,0,8.56E-08,0,0,0,0,0,0,0.923466,-0.0103618,0,0.923524,31.7864,0.0808101,0.00360792,0.000466196,0,0.00363791,1.00436,0,0,0,0,0.406795,,
39,0.99687,0,79.4605,0,8.56E-08,0,0,0,0,0,0,0.919915,-0.0108198,0,0.919978,31.7842,0.0763771,0.00362375,0.000466271,0,0.00365363,1.00435,0,0,0,0,0.40761,,
40,0.996817,0,79.455,0,8.56E-08,0,0,0,0,0,0,0.916256,-0.0112896,0,0.916325,31.782,0.0719233,0.00363929,0.000466243,0,0.00366903,1.00433,0,0,0,0,0.408409,,
41,0.996765,0,79.4494,0,8.56E-08,0,0,0,0,0,0,0.912486,-0.0117715,0,0.912562,31.7798,0.0674523,0.00365448,0.000466105,0,0.00368408,1.00431,0,0,0,0,0.409187,,
42,0.996712,0,79.4438,0,8.56E-08,0,0,0,0,0,0,0.908605,-0.0122654,0,0.908688,31.7775,0.0629631,0.0036695,0.000465879,0,0.00369896,1.00429,0,0,0,0,0.409956,,
43,0.996659,0,79.4381,0,8.56E-08,0,0,0,0,0,0,0.904609,-0.0127716,0,0.904699,31.7753,0.0584545,0.00368418,0.000465542,0,0.00371348,1.00428,0,0,0,0,0.410706,,
44,0.996606,0,79.4325,0,8.56E-08,0,0,0,0,0,0,0.900496,-0.01329,0,0.900594,31.773,0.0539278,0.00369863,0.000465109,0,0.00372776,1.00426,0,0,0,0,0.411442,,
45,0.996553,0,79.4268,0,8.56E-08,0,0,0,0,0,0,0.896265,-0.0138209,0,0.896371,31.7707,0.0493867,0.0037129,0.000464585,0,0.00374185,1.00424,0,0,0,0,0.412168,,
46,0.996499,0,79.4211,0,8.56E-08,0,0,0,0,0,0,0.891912,-0.0143641,0,0.892028,31.7684,0.0448277,0.00372684,0.00046395,0,0.0037556,1.00422,0,0,0,0,0.412875,,
47,0.996445,0,79.4154,0,8.56E-08,0,0,0,0,0,0,0.887437,-0.0149199,0,0.887562,31.7662,0.0402518,0.00374068,0.000463234,0,0.00376925,1.0042,0,0,0,0,0.413576,,
48,0.996391,0,79.4097,0,8.56E-08,0,0,0,0,0,0,0.882836,-0.0154881,0,0.882972,31.7639,0.0356589,0.0037542,0.000462407,0,0.00378257,1.00419,0,0,0,0,0.41426,,
49,0.996336,0,79.4039,0,8.56E-08,0,0,0,0,0,0,0.878108,-0.0160688,0,0.878255,31.7616,0.0310492,0.00376761,0.000461496,0,0.00379577,1.00417,0,0,0,0,0.414937,,
50,0.996282,0,79.3981,0,8.56E-08,0,0,0,0,0,0,0.873252,-0.016662,0,0.873411,31.7592,0.0264225,0.00378077,0.000460481,0,0.0038087,1.00415,0,0,0,0,0.4156,,
51,0.996227,0,79.3923,0,8.56E-08,0,0,0,0,0,0,0.868265,-0.0172677,0,0.868437,31.7569,0.0217793,0.0037938,0.000459379,0,0.00382151,1.00413,0,0,0,0,0.416256,,
52,0.996172,0,79.3865,0,8.56E-08,0,0,0,0,0,0,0.863146,-0.0178858,0,0.863331,31.7546,0.0171191,0.0038066,0.000458175,0,0.00383407,1.00411,0,0,0,0,0.416899,,
53,0.996117,0,79.3806,0,8.56E-08,0,0,0,0,0,0,0.857893,-0.0185162,0,0.858092,31.7523,0.0124421,0.0038193,0.000456885,0,0.00384653,1.00409,0,0,0,0,0.417536,,
54,0.996062,0,79.3748,0,8.56E-08,0,0,0,0,0,0,0.852504,-0.0191588,0,0.852719,31.7499,0.00774841,0.00383177,0.000455492,0,0.00385875,1.00408,0,0,0,0,0.418161,,
55,0.996006,0,79.3689,0,8.56E-08,0,0,0,0,0,0,0.846979,-0.0198135,0,0.847211,31.7476,0.00303825,0.00384416,0.000454013,0,0.00387088,1.00406,0,0,0,0,0.418781,,
56,0.995951,0,79.363,0,8.56E-08,0,0,0,0,0,0,0.841316,-0.0204802,0,0.841565,31.7452,-0.00168896,0.00385634,0.000452433,0,0.00388279,1.00404,0,0,0,0,0.419389,,
57,0.995895,0,79.357,0,8.56E-08,0,0,0,0,0,0,0.835514,-0.0211586,0,0.835782,31.7428,-0.00643298,0.00386842,0.000450763,0,0.00389459,1.00402,0,0,0,0,0.419991,,
58,0.995839,0,79.3511,0,8.56E-08,0,0,0,0,0,0,0.829572,-0.0218486,0,0.82986,31.7404,-0.0111945,0.00388035,0.000448996,0,0.00390624,1.004,0,0,0,0,0.420585,,
59,0.995783,0,79.3451,0,8.56E-08,0,0,0,0,0,0,0.82349,-0.0225499,0,0.823798,31.738,-0.0159745,0.00389215,0.000447134,0,0.00391775,1.00398,0,0,0,0,0.421172,,
60,0.995727,0,79.3391,0,8.56E-08,0,0,0,0,0,0,0.817266,-0.0232624,0,0.817597,31.7356,-0.0207735,0.00390383,0.000445176,0,0.00392913,1.00396,0,0,0,0,0.421752,,
61,0.995671,0,79.3331,0,8.56E-08,0,0,0,0,0,0,0.8109,-0.0239856,0,0.811255,31.7332,-0.0255921,0.00391537,0.000443119,0,0.00394037,1.00394,0,0,0,0,0.422325,,
62,0.995615,0,79.327,0,8.56E-08,0,0,0,0,0,0,0.804393,-0.0247193,0,0.804772,31.7308,-0.030431,0.00392681,0.000440966,0,0.00395149,1.00392,0,0,0,0,0.422892,,
63,0.995558,0,79.321,0,8.56E-08,0,0,0,0,0,0,0.797743,-0.0254631,0,0.798149,31.7284,-0.035291,0.00393812,0.000438712,0,0.00396248,1.0039,0,0,0,0,0.423451,,
64,0.995502,0,79.3149,0,8.56E-08,0,0,0,0,0,0,0.790952,-0.0262166,0,0.791386,31.7259,-0.040173,0.00394933,0.000436357,0,0.00397336,1.00388,0,0,0,0,0.424005,,
65,0.995445,0,79.3087,0,8.56E-08,0,0,0,0,0,0,0.784019,-0.0269795,0,0.784483,31.7235,-0.0450782,0.00396042,0.000433899,0,0.00398412,1.00386,0,0,0,0,0.424553,,
66,0.995388,0,79.3026,0,8.56E-08,0,0,0,0,0,0,0.776945,-0.0277512,0,0.77744,31.721,-0.0500072,0.0039714,0.000431336,0,0.00399476,1.00384,0,0,0,0,0.425094,,
67,0.995331,0,79.2964,0,8.56E-08,0,0,0,0,0,0,0.769731,-0.0285313,0,0.770259,31.7186,-0.054961,0.00398229,0.000428667,0,0.00400529,1.00382,0,0,0,0,0.42563,,
68,0.995274,0,79.2902,0,8.56E-08,0,0,0,0,0,0,0.762378,-0.0293192,0,0.762941,31.7161,-0.0599406,0.00399306,0.000425887,0,0.00401571,1.0038,0,0,0,0,0.42616,,
69,0.995216,0,79.2839,0,8.56E-08,0,0,0,0,0,0,0.754887,-0.0301145,0,0.755487,31.7136,-0.0649471,0.00400375,0.000422996,0,0.00402603,1.00378,0,0,0,0,0.426684,,
70,0.995159,0,79.2776,0,8.56E-08,0,0,0,0,0,0,0.747259,-0.0309165,0,0.747899,31.711,-0.0699816,0.00401433,0.00041999,0,0.00403624,1.00376,0,0,0,0,0.427203,,
71,0.995101,0,79.2713,0,8.56E-08,0,0,0,0,0,0,0.739498,-0.0317246,0,0.740178,31.7085,-0.0750452,0.00402482,0.000416865,0,0.00404635,1.00374,0,0,0,0,0.427717,,
72,0.995042,0,79.2649,0,8.56E-08,0,0,0,0,0,0,0.731603,-0.0325381,0,0.732326,31.706,-0.0801391,0.00403523,0.000413619,0,0.00405637,1.00371,0,0,0,0,0.428226,,
73,0.994984,0,79.2585,0,8.56E-08,0,0,0,0,0,0,0.723579,-0.0333563,0,0.724347,31.7034,-0.0852644,0.00404555,0.000410247,0,0.0040663,1.00369,0,0,0,0,0.42873,,
74,0.994925,0,79.2521,0,8.56E-08,0,0,0,0,0,0,0.715426,-0.0341785,0,0.716242,31.7008,-0.0904215,0.00405579,0.000406746,0,0.00407613,1.00367,0,0,0,0,0.429229,,
75,0.994866,0,79.2456,0,8.56E-08,0,0,0,0,0,0,0.707149,-0.035004,0,0.708015,31.6982,-0.0956116,0.00406596,0.000403111,0,0.00408589,1.00365,0,0,0,0,0.429725,,
76,0.994807,0,79.239,0,8.56E-08,0,0,0,0,0,0,0.69875,-0.0358319,0,0.699668,31.6956,-0.100835,0.00407605,0.000399338,0,0.00409556,1.00362,0,0,0,0,0.430216,,
77,0.994747,0,79.2325,0,8.56E-08,0,0,0,0,0,0,0.690232,-0.0366613,0,0.691205,31.693,-0.106094,0.00408608,0.000395421,0,0.00410517,1.0036,0,0,0,0,0.430703,,
78,0.994686,0,79.2258,0,8.56E-08,0,0,0,0,0,0,0.6816,-0.0374915,0,0.68263,31.6903,-0.111387,0.00409605,0.000391357,0,0.00411471,1.00358,0,0,0,0,0.431187,,
79,0.994626,0,79.2192,0,8.56E-08,0,0,0,0,0,0,0.672857,-0.0383215,0,0.673947,31.6877,-0.116716,0.00410598,0.000387138,0,0.00412419,1.00355,0,0,0,0,0.431668,,
80,0.994565,0,79.2125,0,8.56E-08,0,0,0,0,0,0,0.664007,-0.0391503,0,0.66516,31.685,-0.122081,0.00411586,0.000382759,0,0.00413362,1.00353,0,0,0,0,0.432146,,
81,0.994504,0,79.2057,0,8.56E-08,0,0,0,0,0,0,0.655054,-0.0399771,0,0.656273,31.6823,-0.127482,0.0041257,0.000378214,0,0.004143,1.00351,0,0,0,0,0.432622,,
82,0.994442,0,79.1989,0,8.56E-08,0,0,0,0,0,0,0.646003,-0.0408007,0,0.64729,31.6796,-0.132919,0.00413552,0.000373496,0,0.00415235,1.00348,0,0,0,0,0.433096,,
83,0.99438,0,79.1921,0,8.56E-08,0,0,0,0,0,0,0.63686,-0.0416203,0,0.638218,31.6768,-0.138393,0.00414532,0.000368599,0,0.00416168,1.00346,0,0,0,0,0.433569,,
84,0.994317,0,79.1852,0,8.56E-08,0,0,0,0,0,0,0.627628,-0.0424346,0,0.629061,31.6741,-0.143903,0.00415511,0.000363516,0,0.00417098,1.00344,0,0,0,0,0.434041,,
85,0.994254,0,79.1783,0,8.56E-08,0,0,0,0,0,0,0.618314,-0.0432427,0,0.619824,31.6713,-0.149448,0.0041649,0.000358239,0,0.00418028,1.00341,0,0,0,0,0.434512,,
86,0.994191,0,79.1713,0,8.55E-08,0,0,0,0,0,0,0.608923,-0.0440435,0,0.610514,31.6685,-0.155028,0.0041747,0.000352759,0,0.00418958,1.00339,0,0,0,0,0.434983,,
87,0.994127,0,79.1643,0,8.55E-08,0,0,0,0,0,0,0.599461,-0.0448359,0,0.601135,31.6657,-0.160642,0.00418452,0.00034707,0,0.00419889,1.00336,0,0,0,0,0.435455,,
88,0.994063,0,79.1572,0,8.55E-08,0,0,0,0,0,0,0.589933,-0.0456186,0,0.591694,31.6629,-0.166287,0.00419437,0.000341163,0,0.00420822,1.00334,0,0,0,0,0.435928,,
89,0.993999,0,79.1501,0,8.55E-08,0,0,0,0,0,0,0.580346,-0.0463906,0,0.582197,31.66,-0.171963,0.00420425,0.00033503,0,0.00421758,1.00331,0,0,0,0,0.436402,,
90,0.993934,0,79.143,0,8.55E-08,0,0,0,0,0,0,0.570705,-0.0471508,0,0.57265,31.6572,-0.177669,0.00421418,0.000328661,0,0.00422698,1.00329,0,0,0,0,0.436879,,
91,0.993869,0,79.1358,0,8.55E-08,0,0,0,0,0,0,0.561019,-0.0478979,0,0.56306,31.6543,-0.183402,0.00422417,0.000322048,0,0.00423643,1.00326,0,0,0,0,0.437358,,
92,0.993803,0,79.1286,0,8.55E-08,0,0,0,0,0,0,0.551292,-0.0486309,0,0.553432,31.6515,-0.189161,0.00423422,0.000315182,0,0.00424594,1.00324,0,0,0,0,0.43784,,
93,0.993737,0,79.1214,0,8.55E-08,0,0,0,0,0,0,0.541531,-0.0493485,0,0.543775,31.6486,-0.194945,0.00424435,0.000308053,0,0.00425551,1.00321,0,0,0,0,0.438325,,
94,0.993671,0,79.1141,0,8.55E-08,0,0,0,0,0,0,0.531744,-0.0500497,0,0.534094,31.6457,-0.20075,0.00425455,0.000300652,0,0.00426516,1.00319,0,0,0,0,0.438814,,
95,0.993605,0,79.1069,0,8.55E-08,0,0,0,0,0,0,0.521937,-0.0507332,0,0.524397,31.6427,-0.206572,0.00426484,0.000292969,0,0.00427489,1.00316,0,0,0,0,0.439307,,
96,0.993539,0,79.0996,0,8.55E-08,0,0,0,0,0,0,0.512117,-0.0513979,0,0.514689,31.6398,-0.212409,0.00427522,0.000284995,0,0.00428471,1.00314,0,0,0,0,0.439805,,
97,0.993472,0,79.0923,0,8.55E-08,0,0,0,0,0,0,0.50229,-0.0520429,0,0.504979,31.6369,-0.218257,0.0042857,0.000276719,0,0.00429462,1.00311,0,0,0,0,0.440307,,
98,0.993405,0,79.0849,0,8.55E-08,0,0,0,0,0,0,0.492465,-0.0526668,0,0.495273,31.634,-0.224114,0.00429627,0.000268134,0,0.00430463,1.00309,0,0,0,0,0.440814,,
99,0.993338,0,79.0776,0,8.55E-08,0,0,0,0,0,0,0.482647,-0.0532688,0,0.485577,31.631,-0.229978,0.00430695,0.000259228,0,0.00431475,1.00306,0,0,0,0,0.441326,,
100,0.993271,0,79.0703,0,8.55E-08,0,0,0,0,0,0,0.472843,-0.0538478,0,0.4759,31.6281,-0.235843,0.00431775,0.000249994,0,0.00432498,1.00304,0,0,0,0,0.441844,,
101,0.993203,0,79.063,0,8.55E-08,0,0,0,0,0,0,0.463061,-0.0544028,0,0.466246,31.6252,-0.241704,0.00432865,0.000240421,0,0.00433532,1.00301,0,0,0,0,0.442368,,
102,0.993136,0,79.0556,0,8.55E-08,0,0,0,0,0,0,0.453308,-0.0549329,0,0.456624,31.6223,-0.247557,0.00433967,0.0002305,0,0.00434578,1.00299,0,0,0,0,0.442897,,
103,0.993069,0,79.0483,0,8.55E-08,0,0,0,0,0,0,0.443589,-0.0554371,0,0.44704,31.6193,-0.253401,0.0043508,0.000220223,0,0.00435637,1.00296,0,0,0,0,0.443433,,
104,0.993002,0,79.041,0,8.55E-08,0,0,0,0,0,0,0.433912,-0.0559146,0,0.4375,31.6164,-0.259233,0.00436204,0.000209582,0,0.00436707,1.00294,0,0,0,0,0.443974,,
105,0.992934,0,79.0338,0,8.55E-08,0,0,0,0,0,0,0.424283,-0.0563647,0,0.428011,31.6135,-0.265043,0.00437339,0.000198566,0,0.0043779,1.00291,0,0,0,0,0.444522,,
106,0.992867,0,79.0265,0,8.55E-08,0,0,0,0,0,0,0.414709,-0.0567865,0,0.418579,31.6106,-0.270831,0.00438485,0.00018717,0,0.00438884,1.00289,0,0,0,0,0.445075,,
107,0.9928,0,79.0193,0,8.55E-08,0,0,0,0,0,0,0.405195,-0.0571794,0,0.40921,31.6077,-0.276595,0.0043964,0.000175384,0,0.0043999,1.00286,0,0,0,0,0.445634,,
108,0.992733,0,79.0122,0,8.55E-08,0,0,0,0,0,0,0.395749,-0.0575429,0,0.39991,31.6049,-0.282333,0.00440805,0.000163201,0,0.00441107,1.00284,0,0,0,0,0.446198,,
109,0.992666,0,79.005,0,8.55E-08,0,0,0,0,0,0,0.386375,-0.0578762,0,0.390686,31.602,-0.288038,0.0044198,0.000150615,0,0.00442236,1.00282,0,0,0,0,0.446768,,
110,0.992599,0,78.9979,0,8.55E-08,0,0,0,0,0,0,0.37708,-0.058179,0,0.381542,31.5992,-0.293712,0.00443162,0.000137618,0,0.00443376,1.0028,0,0,0,0,0.447343,,
111,0.992532,0,78.9909,0,8.55E-08,0,0,0,0,0,0,0.367869,-0.0584509,0,0.372483,31.5964,-0.299357,0.00444352,0.000124205,0,0.00444525,1.00277,0,0,0,0,0.447923,,
112,0.992465,0,78.9839,0,8.55E-08,0,0,0,0,0,0,0.358747,-0.0586915,0,0.363516,31.5935,-0.304973,0.00445548,0.00011037,0,0.00445685,1.00275,0,0,0,0,0.448508,,
113,0.992398,0,78.9769,0,8.55E-08,0,0,0,0,0,0,0.34972,-0.0589005,0,0.354645,31.5908,-0.310559,0.00446751,9.61E-05,0,0.00446854,1.00273,0,0,0,0,0.449097,,
114,0.992331,0,78.9699,0,8.55E-08,0,0,0,0,0,0,0.340792,-0.0590777,0,0.345875,31.588,-0.316122,0.00447959,8.14E-05,0,0.00448033,1.00271,0,0,0,0,0.449691,,
115,0.992264,0,78.963,0,8.55E-08,0,0,0,0,0,0,0.331968,-0.0592231,0,0.33721,31.5852,-0.321663,0.00449172,6.63E-05,0,0.0044922,1.00269,0,0,0,0,0.450288,,
116,0.992197,0,78.9561,0,8.55E-08,0,0,0,0,0,0,0.323253,-0.0593366,0,0.328654,31.5824,-0.327178,0.00450389,5.07E-05,0,0.00450418,1.00267,0,0,0,0,0.45089,,
117,0.992129,0,78.9492,0,8.55E-08,0,0,0,0,0,0,0.31465,-0.0594181,0,0.320211,31.5797,-0.332665,0.00451612,3.47E-05,0,0.00451625,1.00265,0,0,0,0,0.451497,,
118,0.992061,0,78.9424,0,8.55E-08,0,0,0,0,0,0,0.306164,-0.0594678,0,0.311885,31.577,-0.338114,0.00452842,1.82E-05,0,0.00452845,1.00263,0,0,0,0,0.45211,,
119,0.991994,0,78.9357,0,8.55E-08,0,0,0,0,0,0,0.297797,-0.059486,0,0.30368,31.5743,-0.343496,0.00454079,1.31E-06,0,0.00454079,1.00262,0,0,0,0,0.452729,,
120,0.991926,0,78.9291,0,8.55E-08,0,0,0,0,0,0,0.289554,-0.0594727,0,0.295599,31.5716,-0.348786,0.00455325,-1.61E-05,0,0.00455328,1.0026,0,0,0,0,0.453356,,
121,0.99186,0,78.9226,0,8.55E-08,0,0,0,0,0,0,0.281437,-0.0594283,0,0.287643,31.5691,-0.353947,0.00456579,-3.39E-05,0,0.00456592,1.00259,0,0,0,0,0.45399,,
122,0.991796,0,78.9164,0,8.55E-08,0,0,0,0,0,0,0.27345,-0.0593531,0,0.279817,31.5666,-0.35894,0.00457839,-5.22E-05,0,0.00457869,1.00257,0,0,0,0,0.45463,,
123,0.991734,0,78.9104,0,8.55E-08,0,0,0,0,0,0,0.265595,-0.0592477,0,0.272123,31.5642,-0.363737,0.00459103,-7.09E-05,0,0.00459157,1.00256,0,0,0,0,0.455276,,
124,0.991674,0,78.9047,0,8.55E-08,0,0,0,0,0,0,0.257873,-0.0591124,0,0.264562,31.5619,-0.368317,0.00460365,-9.02E-05,0,0.00460454,1.00255,0,0,0,0,0.455926,,
125,0.991616,0,78.8992,0,8.55E-08,0,0,0,0,0,0,0.250288,-0.0589479,0,0.257136,31.5597,-0.372669,0.00461624,-0.000109868,0,0.00461754,1.00254,0,0,0,0,0.456578,,
126,0.991561,0,78.8941,0,8.55E-08,0,0,0,0,0,0,0.242841,-0.0587546,0,0.249848,31.5576,-0.376799,0.00462876,-0.000130037,0,0.00463059,1.00253,0,0,0,0,0.457232,,
127,0.991508,0,78.8892,0,8.55E-08,0,0,0,0,0,0,0.235533,-0.0585334,0,0.242698,31.5557,-0.380708,0.00464122,-0.00015068,0,0.00464366,1.00252,0,0,0,0,0.457888,,
128,0.991457,0,78.8846,0,8.55E-08,0,0,0,0,0,0,0.228367,-0.0582847,0,0.235687,31.5538,-0.384411,0.00465359,-0.0001718,0,0.00465676,1.00251,0,0,0,0,0.458546,,
129,0.991408,0,78.8802,0,8.55E-08,0,0,0,0,0,0,0.221342,-0.0580094,0,0.228817,31.5521,-0.387916,0.00466588,-0.000193398,0,0.00466989,1.0025,0,0,0,0,0.459204,,
130,0.991361,0,78.876,0,8.55E-08,0,0,0,0,0,0,0.214459,-0.0577083,0,0.222088,31.5504,-0.391233,0.00467809,-0.000215478,0,0.00468305,1.0025,0,0,0,0,0.459865,,
131,0.991316,0,78.8721,0,8.55E-08,0,0,0,0,0,0,0.20772,-0.057382,0,0.2155,31.5488,-0.394368,0.00469021,-0.000238043,0,0.00469624,1.00249,0,0,0,0,0.460527,,
132,0.991272,0,78.8684,0,8.55E-08,0,0,0,0,0,0,0.201125,-0.0570315,0,0.209054,31.5474,-0.397325,0.00470224,-0.000261098,0,0.00470949,1.00249,0,0,0,0,0.461192,,
133,0.99123,0,78.8649,0,8.55E-08,0,0,0,0,0,0,0.194673,-0.0566576,0,0.20275,31.546,-0.400106,0.0047142,-0.000284645,0,0.00472278,1.00249,0,0,0,0,0.46186,,
134,0.991189,0,78.8617,0,8.55E-08,0,0,0,0,0,0,0.188365,-0.0562611,0,0.196588,31.5447,-0.402713,0.00472607,-0.000308692,0,0.00473614,1.00249,0,0,0,0,0.462531,,
135,0.99115,0,78.8587,0,8.55E-08,0,0,0,0,0,0,0.182201,-0.0558429,0,0.190567,31.5435,-0.405144,0.00473786,-0.000333242,0,0.00474956,1.00249,0,0,0,0,0.463205,,
136,0.991112,0,78.8558,0,8.55E-08,0,0,0,0,0,0,0.17618,-0.055404,0,0.184686,31.5423,-0.407398,0.00474957,-0.000358303,0,0.00476306,1.00249,0,0,0,0,0.463883,,
137,0.991076,0,78.8532,0,8.55E-08,0,0,0,0,0,0,0.170301,-0.0549452,0,0.178945,31.5413,-0.409474,0.0047612,-0.000383882,0,0.00477665,1.0025,0,0,0,0,0.464566,,
138,0.991042,0,78.8509,0,8.55E-08,0,0,0,0,0,0,0.164564,-0.0544675,0,0.173344,31.5403,-0.41137,0.00477276,-0.000409987,0,0.00479033,1.0025,0,0,0,0,0.465254,,
139,0.991009,0,78.8487,0,8.55E-08,0,0,0,0,0,0,0.158968,-0.0539717,0,0.16788,31.5395,-0.413083,0.00478424,-0.000436626,0,0.00480412,1.00251,0,0,0,0,0.465948,,
140,0.990978,0,78.8468,0,8.55E-08,0,0,0,0,0,0,0.153511,-0.0534588,0,0.162553,31.5387,-0.414609,0.00479565,-0.000463811,0,0.00481803,1.00251,0,0,0,0,0.466647,,
141,0.990948,0,78.8451,0,8.55E-08,0,0,0,0,0,0,0.148194,-0.0529296,0,0.157362,31.5381,-0.415948,0.004807,-0.000491551,0,0.00483207,1.00252,0,0,0,0,0.467354,,
142,0.990921,0,78.8437,0,8.55E-08,0,0,0,0,0,0,0.143013,-0.0523852,0,0.152305,31.5375,-0.417094,0.00481829,-0.00051986,0,0.00484625,1.00253,0,0,0,0,0.468068,,
143,0.990895,0,78.8425,0,8.55E-08,0,0,0,0,0,0,0.137968,-0.0518264,0,0.147381,31.537,-0.418045,0.00482951,-0.00054875,0,0.00486059,1.00254,0,0,0,0,0.46879,,
144,0.99087,0,78.8416,0,8.55E-08,0,0,0,0,0,0,0.133057,-0.051254,0,0.142588,31.5366,-0.418799,0.00484069,-0.000578236,0,0.0048751,1.00256,0,0,0,0,0.469521,,
145,0.990848,0,78.8409,0,8.55E-08,0,0,0,0,0,0,0.128279,-0.050669,0,0.137924,31.5364,-0.419352,0.00485181,-0.000608333,0,0.00488979,1.00257,0,0,0,0,0.470262,,
146,0.990828,0,78.8405,0,8.55E-08,0,0,0,0,0,0,0.123632,-0.0500722,0,0.133387,31.5362,-0.419701,0.00486287,-0.000639059,0,0.00490468,1.00259,0,0,0,0,0.471013,,
147,0.990809,0,78.8403,0,8.55E-08,0,0,0,0,0,0,0.119114,-0.0494645,0,0.128976,31.5361,-0.419842,0.0048739,-0.000670432,0,0.00491979,1.0026,0,0,0,0,0.471775,,
148,0.990793,0,78.8404,0,8.55E-08,0,0,0,0,0,0,0.114722,-0.0488466,0,0.124688,31.5361,-0.41977,0.00488488,-0.000702471,0,0.00493513,1.00262,0,0,0,0,0.472549,,
149,0.990778,0,78.8407,0,8.55E-08,0,0,0,0,0,0,0.110456,-0.0482194,0,0.120522,31.5363,-0.419482,0.00489582,-0.000735198,0,0.00495071,1.00264,0,0,0,0,0.473335,,
150,0.990766,0,78.8414,0,8.55E-08,0,0,0,0,0,0,0.106312,-0.0475837,0,0.116475,31.5365,-0.418975,0.00490671,-0.000768635,0,0.00496655,1.00266,0,0,0,0,0.474135,,
151,0.990756,0,78.8423,0,8.55E-08,0,0,0,0,0,0,0.102289,-0.0469402,0,0.112546,31.5369,-0.418243,0.00491755,-0.000802804,0,0.00498265,1.00268,0,0,0,0,0.474949,,
152,0.990748,0,78.8435,0,8.55E-08,0,0,0,0,0,0,0.0983855,-0.0462897,0,0.108731,31.5374,-0.417282,0.00492834,-0.000837729,0,0.00499903,1.0027,0,0,0,0,0.475777,,
153,0.990743,0,78.845,0,8.55E-08,0,0,0,0,0,0,0.0945981,-0.0456328,0,0.105029,31.538,-0.416087,0.00493906,-0.000873437,0,0.0050157,1.00273,0,0,0,0,0.47662,,
154,0.990739,0,78.8468,0,8.55E-08,0,0,0,0,0,0,0.0909249,-0.0449703,0,0.101438,31.5387,-0.41465,0.00494971,-0.000909952,0,0.00503265,1.00276,0,0,0,0,0.477478,,
155,0.990739,0,78.8489,0,8.55E-08,0,0,0,0,0,0,0.0873637,-0.0443029,0,0.0979549,31.5395,-0.412968,0.00496025,-0.000947301,0,0.0050499,1.00278,0,0,0,0,0.478351,,
156,0.990741,0,78.8513,0,8.55E-08,0,0,0,0,0,0,0.0839123,-0.0436311,0,0.0945777,31.5405,-0.411035,0.00497068,-0.000985513,0,0.00506744,1.00281,0,0,0,0,0.47924,,
157,0.990746,0,78.854,0,8.55E-08,0,0,0,0,0,0,0.0805684,-0.0429556,0,0.0913041,31.5416,-0.408839,0.00498097,-0.00102461,0,0.00508526,1.00284,0,0,0,0,0.480143,,
158,0.990753,0,78.8571,0,8.55E-08,0,0,0,0,0,0,0.0773296,-0.042277,0,0.0881318,31.5428,-0.406378,0.00499108,-0.00106463,0,0.00510336,1.00287,0,0,0,0,0.481061,,
159,0.990764,0,78.8605,0,8.55E-08,0,0,0,0,0,0,0.0741937,-0.0415958,0,0.0850583,31.5442,-0.403643,0.00500098,-0.0011056,0,0.00512174,1.00291,0,0,0,0,0.481994,,
160,0.990777,0,78.8643,0,8.55E-08,0,0,0,0,0,0,0.0711583,-0.0409126,0,0.0820814,31.5457,-0.400622,0.00501063,-0.00114753,0,0.00514036,1.00294,0,0,0,0,0.482941,,
161,0.990794,0,78.8684,0,8.55E-08,0,0,0,0,0,0,0.0682212,-0.040228,0,0.0791987,31.5474,-0.397309,0.00501996,-0.00119046,0,0.00515919,1.00298,0,0,0,0,0.483899,,
162,0.990815,0,78.873,0,8.55E-08,0,0,0,0,0,0,0.0653801,-0.0395424,0,0.0764078,31.5492,-0.393695,0.00502892,-0.00123442,0,0.00517821,1.00301,0,0,0,0,0.484869,,
163,0.990838,0,78.8779,0,8.55E-08,0,0,0,0,0,0,0.0626327,-0.0388562,0,0.0737066,31.5511,-0.389768,0.00503745,-0.00127942,0,0.00519738,1.00305,0,0,0,0,0.485848,,
164,0.990866,0,78.8832,0,8.55E-08,0,0,0,0,0,0,0.0599767,-0.03817,0,0.0710925,31.5533,-0.385513,0.00504544,-0.00132548,0,0.00521665,1.00309,0,0,0,0,0.486834,,
165,0.990898,0,78.8889,0,8.55E-08,0,0,0,0,0,0,0.0574099,-0.0374841,0,0.0685635,31.5556,-0.380924,0.00505282,-0.00137263,0,0.00523595,1.00313,0,0,0,0,0.487825,,
166,0.990934,0,78.8951,0,8.55E-08,0,0,0,0,0,0,0.05493,-0.036799,0,0.0661171,31.558,-0.375989,0.00505948,-0.00142086,0,0.00525521,1.00317,0,0,0,0,0.488817,,
167,0.990975,0,78.9017,0,8.55E-08,0,0,0,0,0,0,0.0525349,-0.0361151,0,0.0637512,31.5607,-0.37069,0.00506534,-0.00147021,0,0.00527439,1.00322,0,0,0,0,0.489808,,
168,0.99102,0,78.9088,0,8.55E-08,0,0,0,0,0,0,0.0502224,-0.0354327,0,0.0614635,31.5635,-0.365011,0.00507024,-0.00152066,0,0.00529337,1.00326,0,0,0,0,0.490794,,
169,0.99107,0,78.9164,0,8.55E-08,0,0,0,0,0,0,0.0479904,-0.0347521,0,0.0592519,31.5666,-0.358944,0.00507403,-0.00157221,0,0.00531202,1.00331,0,0,0,0,0.491769,,
170,0.991126,0,78.9245,0,8.55E-08,0,0,0,0,0,0,0.0458366,-0.0340737,0,0.057114,31.5698,-0.352472,0.00507658,-0.00162485,0,0.00533027,1.00335,0,0,0,0,0.492729,,
171,0.991187,0,78.9331,0,8.55E-08,0,0,0,0,0,0,0.0437592,-0.0333978,0,0.055048,31.5732,-0.345577,0.00507776,-0.00167857,0,0.00534801,1.0034,0,0,0,0,0.49367,,
172,0.991255,0,78.9423,0,8.56E-08,0,0,0,0,0,0,0.0417559,-0.0327247,0,0.0530515,31.5769,-0.33823,0.00507734,-0.00173334,0,0.00536505,1.00345,0,0,0,0,0.494584,,
173,0.991328,0,78.952,0,8.56E-08,0,0,0,0,0,0,0.0398248,-0.0320547,0,0.0511226,31.5808,-0.330433,0.00507513,-0.0017891,0,0.00538125,1.0035,0,0,0,0,0.495464,,
174,0.991408,0,78.9624,0,8.56E-08,0,0,0,0,0,0,0.0379639,-0.031388,0,0.0492591,31.585,-0.322161,0.00507097,-0.00184583,0,0.00539646,1.00355,0,0,0,0,0.496306,,
175,0.991496,0,78.9733,0,8.56E-08,0,0,0,0,0,0,0.0361713,-0.0307248,0,0.0474592,31.5893,-0.313389,0.00506462,-0.00190346,0,0.0054105,1.0036,0,0,0,0,0.497099,,
176,0.99159,0,78.985,0,8.56E-08,0,0,0,0,0,0,0.0344451,-0.0300655,0,0.0457209,31.594,-0.304096,0.00505584,-0.00196188,0,0.00542314,1.00365,0,0,0,0,0.497835,,
177,0.991693,0,78.9973,0,8.56E-08,0,0,0,0,0,0,0.0327834,-0.0294101,0,0.0440421,31.5989,-0.294253,0.00504442,-0.00202105,0,0.00543422,1.0037,0,0,0,0,0.498507,,
178,0.991804,0,79.0102,0,8.56E-08,0,0,0,0,0,0,0.0311843,-0.0287591,0,0.0424211,31.6041,-0.283866,0.00502979,-0.0020807,0,0.00544317,1.00376,0,0,0,0,0.499089,,
179,0.991924,0,79.024,0,8.56E-08,0,0,0,0,0,0,0.0296462,-0.0281124,0,0.0408559,31.6096,-0.272896,0.00501187,-0.00214077,0,0.00544993,1.00381,0,0,0,0,0.499579,,
180,0.992052,0,79.0384,0,8.56E-08,0,0,0,0,0,0,0.0281672,-0.0274703,0,0.0393448,31.6154,-0.261331,0.00499015,-0.002201,0,0.00545399,1.00386,0,0,0,0,0.499954,,
181,0.992191,0,79.0537,0,8.56E-08,0,0,0,0,0,0,0.0267457,-0.0268331,0,0.037886,31.6215,-0.249123,0.00496505,-0.00226154,0,0.00545585,1.00392,0,0,0,0,0.500237,,
182,0.99234,0,79.0698,0,8.56E-08,0,0,0,0,0,0,0.02538,-0.0262008,0,0.0364777,31.6279,-0.236235,0.00493578,-0.00232194,0,0.00545466,1.00397,0,0,0,0,0.50039,,
183,0.992498,0,79.0867,0,8.56E-08,0,0,0,0,0,0,0.0240684,-0.0255736,0,0.0351183,31.6347,-0.222697,0.00490246,-0.00238216,0,0.00545058,1.00402,0,0,0,0,0.50042,,
184,0.992668,0,79.1045,0,8.56E-08,0,0,0,0,0,0,0.0228094,-0.0249517,0,0.0338062,31.6418,-0.208473,0.00486485,-0.00244202,0,0.00544336,1.00408,0,0,0,0,0.500316,,
185,0.992848,0,79.1232,0,8.56E-08,0,0,0,0,0,0,0.0216015,-0.0243352,0,0.0325396,31.6493,-0.193525,0.00482257,-0.00250124,0,0.00543262,1.00413,0,0,0,0,0.50006,,
186,0.99304,0,79.1428,0,8.56E-08,0,0,0,0,0,0,0.020443,-0.0237244,0,0.0313171,31.6571,-0.177831,0.00477536,-0.00255949,0,0.00541803,1.00419,0,0,0,0,0.499636,,
187,0.993243,0,79.1634,0,8.56E-08,0,0,0,0,0,0,0.0193326,-0.0231192,0,0.0301372,31.6653,-0.161374,0.00472302,-0.00261648,0,0.00539934,1.00424,0,0,0,0,0.499033,,
188,0.993458,0,79.1849,0,8.56E-08,0,0,0,0,0,0,0.0182689,-0.0225199,0,0.0289982,31.674,-0.144124,0.00466544,-0.00267195,0,0.0053764,1.0043,0,0,0,0,0.498242,,
189,0.993686,0,79.2075,0,8.56E-08,0,0,0,0,0,0,0.0172503,-0.0219266,0,0.0278989,31.683,-0.126065,0.00460233,-0.00272553,0,0.00534883,1.00436,0,0,0,0,0.497245,,
190,0.993926,0,79.231,0,8.56E-08,0,0,0,0,0,0,0.0162755,-0.0213394,0,0.0268377,31.6924,-0.107226,0.00453367,-0.00277693,0,0.00531653,1.00441,0,0,0,0,0.496034,,
191,0.994177,0,79.2556,0,8.56E-08,0,0,0,0,0,0,0.0153433,-0.0207585,0,0.0258134,31.7022,-0.0875859,0.00445985,-0.00282613,0,0.00527989,1.00447,0,0,0,0,0.494626,,
192,0.994441,0,79.2812,0,8.56E-08,0,0,0,0,0,0,0.0144522,-0.020184,0,0.0248246,31.7125,-0.067108,0.00438095,-0.00287296,0,0.00523895,1.00453,0,0,0,0,0.493022,,
193,0.994718,0,79.3079,0,8.56E-08,0,0,0,0,0,0,0.0136011,-0.019616,0,0.02387,31.7232,-0.0457631,0.0042971,-0.0029172,0,0.00519376,1.00459,0,0,0,0,0.491218,,
194,0.995007,0,79.3357,0,8.56E-08,0,0,0,0,0,0,0.0127887,-0.0190547,0,0.0229485,31.7343,-0.0234972,0.00420787,-0.00295815,0,0.00514362,1.00465,0,0,0,0,0.489181,,
195,0.995305,0,79.3644,0,8.56E-08,0,0,0,0,0,0,0.0120138,-0.0185002,0,0.0220588,31.7457,-0.000575086,0.0041141,-0.00299568,0,0.00508919,1.00471,0,0,0,0,0.486937,,
196,0.995618,0,79.3943,0,8.56E-08,0,0,0,0,0,0,0.0112752,-0.0179526,0,0.0211997,31.7577,0.0233563,0.00401925,-0.00303273,0,0.00503506,1.00477,0,0,0,0,0.484704,,
197,0.995941,0,79.4251,0,8.56E-08,0,0,0,0,0,0,0.0105717,-0.0174121,0,0.0203701,31.7701,0.0480534,0.0039166,-0.00306342,0,0.00497236,1.00484,0,0,0,0,0.482051,,
198,0.996274,0,79.4568,0,8.56E-08,0,0,0,0,0,0,0.00990228,-0.0168788,0,0.0195691,31.7827,0.0734169,0.00381558,-0.0030946,0,0.00491276,1.0049,0,0,0,0,0.479541,,
199,0.996621,0,79.4898,0,8.57E-08,0,0,0,0,0,0,0.00926572,-0.0163528,0,0.0187954,31.7959,0.099741,0.00370995,-0.00312172,0,0.00484859,1.00497,0,0,0,0,0.4768,,
200,0.996978,0,79.5235,0,8.57E-08,0,0,0,0,0,0,0.00866098,-0.0158343,0,0.0180482,31.8094,0.126752,0.00360212,-0.00314567,0,0.00478231,1.00503,0,0,0,0,0.473942,,
201,0.997345,0,79.5581,0,8.57E-08,0,0,0,0,0,0,0.00808703,-0.0153235,0,0.0173266,31.8233,0.154441,0.00349271,-0.00316694,0,0.00471472,1.0051,0,0,0,0,0.471006,,
202,0.997723,0,79.5935,0,8.57E-08,0,0,0,0,0,0,0.00754279,-0.0148204,0,0.0166295,31.8374,0.182772,0.00338158,-0.00318511,0,0.00464543,1.00517,0,0,0,0,0.467972,,
203,0.998111,0,79.6297,0,8.57E-08,0,0,0,0,0,0,0.00702718,-0.0143252,0,0.015956,31.8519,0.211676,0.00326923,-0.00320019,0,0.00457483,1.00523,0,0,0,0,0.464855,,
204,0.998508,0,79.6665,0,8.57E-08,0,0,0,0,0,0,0.00653926,-0.0138381,0,0.0153054,31.8666,0.241108,0.00315659,-0.00321279,0,0.00450401,1.0053,0,0,0,0,0.461709,,
205,0.998915,0,79.704,0,8.57E-08,0,0,0,0,0,0,0.00607803,-0.0133592,0,0.0146769,31.8816,0.271109,0.00304318,-0.00322215,0,0.00443206,1.00536,0,0,0,0,0.458486,,
206,0.999329,0,79.7418,0,8.57E-08,0,0,0,0,0,0,0.00564249,-0.0128886,0,0.0140696,31.8967,0.301397,0.00292904,-0.00322794,0,0.00435877,1.00542,0,0,0,0,0.455175,,
207,0.999749,0,79.7799,0,8.57E-08,0,0,0,0,0,0,0.00523163,-0.0124264,0,0.0134828,31.912,0.331877,0.00281542,-0.00323114,0,0.00428566,1.00548,0,0,0,0,0.451851,,
208,1.00018,0,79.8183,0,8.57E-08,0,0,0,0,0,0,0.00484455,-0.0119728,0,0.0129158,31.9273,0.362588,0.00270239,-0.00323156,0,0.00421259,1.00553,0,0,0,0,0.448506,,
209,1.00061,0,79.8568,0,8.57E-08,0,0,0,0,0,0,0.00448031,-0.011528,0,0.012368,31.9427,0.393337,0.00258999,-0.00322894,0,0.00413934,1.00559,0,0,0,0,0.445127,,
210,1.00104,0,79.8952,0,8.57E-08,0,0,0,0,0,0,0.00413797,-0.0110919,0,0.0118386,31.9581,0.424071,0.00247862,-0.00322347,0,0.00406624,1.00563,0,0,0,0,0.441732,,
211,1.00147,0,79.9335,0,8.57E-08,0,0,0,0,0,0,0.00381661,-0.0106648,0,0.0113272,31.9734,0.454711,0.00236823,-0.00321476,0,0.0039929,1.00568,0,0,0,0,0.438299,,
212,1.00191,0,79.9715,0,8.57E-08,0,0,0,0,0,0,0.00351532,-0.0102467,0,0.0108329,31.9886,0.485122,0.00225919,-0.003203,0,0.00391959,1.00572,0,0,0,0,0.434839,,
213,1.00234,0,80.0092,0,8.57E-08,0,0,0,0,0,0,0.00323322,-0.00983771,0,0.0103554,32.0037,0.515268,0.00215154,-0.00318791,0,0.00384602,1.00576,0,0,0,0,0.431336,,
214,1.00278,0,80.0463,0,8.57E-08,0,0,0,0,0,0,0.00296944,-0.00943789,0,0.00989401,32.0185,0.545012,0.00204476,-0.0031684,0,0.00377092,1.00579,0,0,0,0,0.427715,,
215,1.0032,0,80.083,0,8.57E-08,0,0,0,0,0,0,0.00272313,-0.00904731,0,0.00944824,32.0332,0.574309,0.00193802,-0.0031426,0,0.00369213,1.00582,0,0,0,0,0.423849,,
216,1.00362,0,80.1189,0,8.57E-08,0,0,0,0,0,0,0.00249343,-0.00866602,0,0.0090176,32.0476,0.603041,0.00183173,-0.00311048,0,0.00360975,1.00585,0,0,0,0,0.419732,,
217,1.00404,0,80.154,0,8.57E-08,0,0,0,0,0,0,0.00227954,-0.00829404,0,0.00860159,32.0616,0.631137,0.00172639,-0.00307222,0,0.00352405,1.00588,0,0,0,0,0.415371,,
218,1.00444,0,80.1882,0,8.57E-08,0,0,0,0,0,0,0.00208062,-0.0079314,0,0.00819976,32.0753,0.658526,0.00162228,-0.00302765,0,0.00343489,1.0059,0,0,0,0,0.410747,,
219,1.00484,0,80.2215,0,8.57E-08,0,0,0,0,0,0,0.00189591,-0.00757808,0,0.00781164,32.0886,0.685124,0.00151968,-0.0029767,0,0.00334218,1.00592,0,0,0,0,0.405843,,
220,1.00522,0,80.2536,0,8.57E-08,0,0,0,0,0,0,0.00172462,-0.00723408,0,0.00743681,32.1015,0.710848,0.00141899,-0.00291951,0,0.00324609,1.00594,0,0,0,0,0.400655,,
221,1.00559,0,80.2847,0,8.57E-08,0,0,0,0,0,0,0.00156602,-0.00689935,0,0.00707485,32.1139,0.73567,0.00132032,-0.00285572,0,0.00314617,1.00596,0,0,0,0,0.395139,,
222,1.00595,0,80.3144,0,8.57E-08,0,0,0,0,0,0,0.00141938,-0.00657386,0,0.00672535,32.1258,0.759437,0.00122395,-0.00278537,0,0.00304242,1.00597,0,0,0,0,0.389279,,
223,1.00629,0,80.3426,0,8.57E-08,0,0,0,0,0,0,0.00128399,-0.00625754,0,0.00638791,32.1371,0.782047,0.00113039,-0.0027091,0,0.00293547,1.00599,0,0,0,0,0.383095,,
224,1.00662,0,80.3694,0,8.57E-08,0,0,0,0,0,0,0.00115919,-0.0059503,0,0.00606216,32.1477,0.803423,0.00103982,-0.00262689,0,0.0028252,1.006,0,0,0,0,0.376558,,
225,1.00692,0,80.3943,0,8.57E-08,0,0,0,0,0,0,0.00104432,-0.00565206,0,0.00574773,32.1577,0.823396,0.000952413,-0.00253882,0,0.00271158,1.00601,0,0,0,0,0.369643,,
226,1.0072,0,80.4174,0,8.57E-08,0,0,0,0,0,0,0.000938764,-0.00536271,0,0.00544426,32.167,0.84184,0.000868683,-0.00244593,0,0.00259561,1.00602,0,0,0,0,0.362392,,
227,1.00746,0,80.4385,0,8.57E-08,0,0,0,0,0,0,0.00084191,-0.00508213,0,0.00515139,32.1754,0.858772,0.000788997,-0.00234917,0,0.00247812,1.00602,0,0,0,0,0.354842,,
228,1.00769,0,80.4578,0,8.57E-08,0,0,0,0,0,0,0.000753189,-0.00481018,0,0.00486879,32.1831,0.874139,0.000713559,-0.00224924,0,0.00235971,1.00603,0,0,0,0,0.347011,,
229,1.0079,0,80.4751,0,8.57E-08,0,0,0,0,0,0,0.000672056,-0.00454672,0,0.00459612,32.19,0.888001,0.000642882,-0.00214809,0,0.00224223,1.00603,0,0,0,0,0.339018,,
230,1.0081,0,80.4907,0,8.57E-08,0,0,0,0,0,0,0.000597992,-0.00429161,0,0.00433307,32.1963,0.900498,0.000577101,-0.00204682,0,0.00212662,1.00604,0,0,0,0,0.330923,,
231,1.00827,0,80.5048,0,8.57E-08,0,0,0,0,0,0,0.000530506,-0.00404468,0,0.00407933,32.2019,0.911785,0.000515927,-0.00194514,0,0.0020124,1.00604,0,0,0,0,0.322676,,
232,1.00843,0,80.5175,0,8.57E-08,0,0,0,0,0,0,0.000469128,-0.00380577,0,0.00383458,32.207,0.921965,0.000459614,-0.00184482,0,0.00190121,1.00604,0,0,0,0,0.314404,,
233,1.00858,0,80.529,0,8.57E-08,0,0,0,0,0,0,0.000413415,-0.0035747,0,0.00359852,32.2116,0.931157,0.000407989,-0.00174641,0,0.00179344,1.00604,0,0,0,0,0.306134,,
234,1.00871,0,80.5394,0,8.57E-08,0,0,0,0,0,0,0.000362954,-0.00335129,0,0.00337089,32.2158,0.939483,0.000360751,-0.00164986,0,0.00168884,1.00604,0,0,0,0,0.297847,,
235,1.00883,0,80.549,0,8.57E-08,0,0,0,0,0,0,0.000317351,-0.00313536,0,0.00315138,32.2196,0.947124,0.000317722,-0.00155556,0,0.00158767,1.00603,0,0,0,0,0.289568,,
236,1.00894,0,80.5577,0,8.57E-08,0,0,0,0,0,0,0.000276236,-0.00292672,0,0.00293973,32.2231,0.954089,0.000278267,-0.00146171,0,0.00148796,1.00603,0,0,0,0,0.281107,,
237,1.00905,0,80.5656,0,8.57E-08,0,0,0,0,0,0,0.000239266,-0.00272518,0,0.00273567,32.2263,0.96045,0.000242332,-0.00136906,0,0.00139034,1.00602,0,0,0,0,0.272512,,
238,1.00915,0,80.573,0,8.57E-08,0,0,0,0,0,0,0.000206114,-0.00253056,0,0.00253894,32.2292,0.966298,0.00021013,-0.00128019,0,0.00129732,1.00602,0,0,0,0,0.264022,,
239,1.00924,0,80.5797,0,8.57E-08,0,0,0,0,0,0,0.000176479,-0.00234267,0,0.0023493,32.2319,0.971726,0.000180884,-0.001192,0,0.00120564,1.00601,0,0,0,0,0.255305,,
240,1.00933,0,80.586,0,8.57E-08,0,0,0,0,0,0,0.000150079,-0.0021613,0,0.0021665,32.2344,0.976697,0.000154467,-0.00110472,0,0.00111547,1.006,0,0,0,0,0.246353,,
241,1.0094,0,80.5916,0,8.57E-08,0,0,0,0,0,0,0.000126647,-0.00198628,0,0.00199031,32.2366,0.981194,0.000130877,-0.00101971,0,0.00102807,1.00599,0,0,0,0,0.237283,,
242,1.00948,0,80.5966,0,8.57E-08,0,0,0,0,0,0,0.00010594,-0.0018174,0,0.00182049,32.2387,0.985245,0.000109945,-0.000937293,0,0.000943719,1.00598,0,0,0,0,0.228112,,
243,1.00954,0,80.6012,0,8.57E-08,0,0,0,0,0,0,8.77E-05,-0.0016545,0,0.00165682,32.2405,0.988908,9.14E-05,-0.000856747,0,0.000861607,1.00598,0,0,0,0,0.218728,,
244,1.0096,0,80.6053,0,8.57E-08,0,0,0,0,0,0,7.18E-05,-0.00149738,0,0.0014991,32.2421,0.992152,7.50E-05,-0.000777574,0,0.000781182,1.00597,0,0,0,0,0.209025,,
245,1.00966,0,80.6088,0,8.57E-08,0,0,0,0,0,0,5.80E-05,-0.00134585,0,0.0013471,32.2435,0.994992,6.07E-05,-0.000700708,0,0.000703331,1.00596,0,0,0,0,0.19908,,
246,1.00971,0,80.6119,0,8.57E-08,0,0,0,0,0,0,4.60E-05,-0.00119975,0,0.00120063,32.2448,0.997488,4.83E-05,-0.000626127,0,0.000627987,1.00595,0,0,0,0,0.188844,,
247,1.00975,0,80.6146,0,8.57E-08,0,0,0,0,0,0,3.58E-05,-0.00105889,0,0.0010595,32.2458,0.999638,3.76E-05,-0.000553168,0,0.000554446,1.00594,0,0,0,0,0.178153,,
248,1.00979,0,80.6169,0,8.57E-08,0,0,0,0,0,0,2.72E-05,-0.000923102,0,0.000923503,32.2468,1.00146,2.86E-05,-0.000482121,0,0.000482966,1.00593,0,0,0,0,0.16696,,
249,1.00982,0,80.6188,0,8.57E-08,0,0,0,0,0,0,2.00E-05,-0.000792218,0,0.000792472,32.2475,1.00299,2.10E-05,-0.000412877,0,0.00041341,1.00592,0,0,0,0,0.15513,,
250,1.00985,0,80.6204,0,8.57E-08,0,0,0,0,0,0,1.42E-05,-0.000666073,0,0.000666223,32.2482,1.00424,1.48E-05,-0.000345443,0,0.000345758,1.00591,0,0,0,0,0.142497,,
251,1.00987,0,80.6216,0,8.57E-08,0,0,0,0,0,0,9.45E-06,-0.000544505,0,0.000544587,32.2487,1.00525,9.78E-06,-0.000280073,0,0.000280244,1.00591,0,0,0,0,0.128873,,
252,1.00988,0,80.6226,0,8.57E-08,0,0,0,0,0,0,5.82E-06,-0.000427359,0,0.000427399,32.249,1.00602,5.95E-06,-0.000217131,0,0.000217213,1.00591,0,0,0,0,0.113992,,
253,1.00989,0,80.6233,0,8.57E-08,0,0,0,0,0,0,3.15E-06,-0.000314482,0,0.000314498,32.2493,1.0066,3.17E-06,-0.000157129,0,0.000157161,1.0059,0,0,0,0,0.0974335,,
254,1.0099,0,80.6238,0,8.57E-08,0,0,0,0,0,0,1.35E-06,-0.000205725,0,0.000205729,32.2495,1.00699,1.33E-06,-0.000100722,0,0.000100731,1.0059,0,0,0,0,0.0783953,,
255,1.0099,0,80.6241,0,8.57E-08,0,0,0,0,0,0,3.24E-07,-0.000100944,0,0.000100945,32.2496,1.00723,3.17E-07,-4.84E-05,0,4.84E-05,1.0059,0,0,0,0,0.0546398,,
256,1.00991,0,80.6242,0,8.57E-08,0,0,0,0,0,0,0,0,0,0,32.2497,1.00731,-1.91E-21,-4.51E-08,0,4.51E-08,1.0059,0,0,0,0,0.00167372,,
257,1.0099,0,80.6241,0,8.57E-08,0,0,0,0,0,0,3.24E-07,0.000100944,0,0.000100945,32.2496,1.00723,3.16E-07,4.83E-05,0,4.83E-05,1.0059,0,0,0,0,0.0545888,,
258,1.0099,0,80.6238,0,8.57E-08,0,0,0,0,0,0,1.35E-06,0.000205725,0,0.000205729,32.2495,1.00699,1.33E-06,0.00010063,0,0.000100639,1.0059,0,0,0,0,0.0783598,,
259,1.00989,0,80.6233,0,8.57E-08,0,0,0,0,0,0,3.15E-06,0.000314482,0,0.000314498,32.2493,1.0066,3.17E-06,0.000157037,0,0.000157069,1.0059,0,0,0,0,0.097405,,
260,1.00988,0,80.6226,0,8.57E-08,0,0,0,0,0,0,5.82E-06,0.000427359,0,0.000427399,32.249,1.00603,5.95E-06,0.000217039,0,0.00021712,1.00591,0,0,0,0,0.113968,,
261,1.00987,0,80.6216,0,8.57E-08,0,0,0,0,0,0,9.45E-06,0.000544505,0,0.000544587,32.2487,1.00525,9.77E-06,0.000279981,0,0.000280152,1.00591,0,0,0,0,0.128852,,
262,1.00985,0,80.6204,0,8.57E-08,0,0,0,0,0,0,1.42E-05,0.000666073,0,0.000666223,32.2482,1.00425,1.47E-05,0.000345351,0,0.000345666,1.00591,0,0,0,0,0.142478,,
263,1.00982,0,80.6188,0,8.57E-08,0,0,0,0,0,0,2.00E-05,0.000792218,0,0.000792472,32.2475,1.00299,2.10E-05,0.000412786,0,0.000413319,1.00592,0,0,0,0,0.155113,,
264,1.00979,0,80.6169,0,8.57E-08,0,0,0,0,0,0,2.72E-05,0.000923102,0,0.000923503,32.2468,1.00146,2.86E-05,0.00048203,0,0.000482876,1.00593,0,0,0,0,0.166945,,
265,1.00975,0,80.6146,0,8.57E-08,0,0,0,0,0,0,3.58E-05,0.00105889,0,0.0010595,32.2459,0.999641,3.76E-05,0.000553078,0,0.000554356,1.00594,0,0,0,0,0.178138,,
266,1.00971,0,80.6119,0,8.57E-08,0,0,0,0,0,0,4.60E-05,0.00119975,0,0.00120063,32.2448,0.99749,4.83E-05,0.000626037,0,0.000627897,1.00595,0,0,0,0,0.18883,,
267,1.00966,0,80.6088,0,8.57E-08,0,0,0,0,0,0,5.80E-05,0.00134585,0,0.0013471,32.2435,0.994995,6.07E-05,0.000700618,0,0.000703241,1.00596,0,0,0,0,0.199067,,
268,1.0096,0,80.6053,0,8.57E-08,0,0,0,0,0,0,7.18E-05,0.00149738,0,0.0014991,32.2421,0.992155,7.50E-05,0.000777484,0,0.000781092,1.00597,0,0,0,0,0.209013,,
269,1.00954,0,80.6012,0,8.57E-08,0,0,0,0,0,0,8.77E-05,0.0016545,0,0.00165682,32.2405,0.988911,9.14E-05,0.000856658,0,0.000861518,1.00598,0,0,0,0,0.218716,,
270,1.00948,0,80.5966,0,8.57E-08,0,0,0,0,0,0,0.00010594,0.0018174,0,0.00182049,32.2387,0.985248,0.000109935,0.000937205,0,0.000943631,1.00598,0,0,0,0,0.228101,,
271,1.0094,0,80.5916,0,8.57E-08,0,0,0,0,0,0,0.000126647,0.00198628,0,0.00199031,32.2366,0.981199,0.000130866,0.00101962,0,0.00102799,1.00599,0,0,0,0,0.237272,,
272,1.00933,0,80.586,0,8.57E-08,0,0,0,0,0,0,0.000150079,0.0021613,0,0.0021665,32.2344,0.976702,0.000154455,0.00110464,0,0.00111538,1.006,0,0,0,0,0.246343,,
273,1.00924,0,80.5797,0,8.57E-08,0,0,0,0,0,0,0.000176479,0.00234267,0,0.0023493,32.2319,0.971731,0.000180871,0.00119191,0,0.00120556,1.00601,0,0,0,0,0.255296,,
274,1.00915,0,80.573,0,8.57E-08,0,0,0,0,0,0,0.000206114,0.00253056,0,0.00253894,32.2292,0.966303,0.000210116,0.0012801,0,0.00129723,1.00602,0,0,0,0,0.264013,,
275,1.00905,0,80.5657,0,8.57E-08,0,0,0,0,0,0,0.000239266,0.00272518,0,0.00273567,32.2263,0.960455,0.000242317,0.00136897,0,0.00139025,1.00602,0,0,0,0,0.272504,,
276,1.00894,0,80.5577,0,8.57E-08,0,0,0,0,0,0,0.000276236,0.00292672,0,0.00293973,32.2231,0.954095,0.00027825,0.00146162,0,0.00148787,1.00603,0,0,0,0,0.281099,,
277,1.00883,0,80.549,0,8.57E-08,0,0,0,0,0,0,0.000317351,0.00313536,0,0.00315138,32.2196,0.94713,0.000317705,0.00155547,0,0.00158759,1.00603,0,0,0,0,0.28956,,
278,1.00871,0,80.5394,0,8.57E-08,0,0,0,0,0,0,0.000362954,0.00335129,0,0.00337089,32.2158,0.939489,0.000360733,0.00164977,0,0.00168875,1.00604,0,0,0,0,0.29784,,
279,1.00858,0,80.529,0,8.57E-08,0,0,0,0,0,0,0.000413415,0.0035747,0,0.00359852,32.2116,0.931163,0.00040797,0.00174633,0,0.00179335,1.00604,0,0,0,0,0.306127,,
280,1.00843,0,80.5175,0,8.57E-08,0,0,0,0,0,0,0.000469128,0.00380577,0,0.00383458,32.207,0.921973,0.000459593,0.00184474,0,0.00190113,1.00604,0,0,0,0,0.314397,,
281,1.00827,0,80.5048,0,8.57E-08,0,0,0,0,0,0,0.000530506,0.00404468,0,0.00407933,32.2019,0.911792,0.000515905,0.00194505,0,0.00201231,1.00604,0,0,0,0,0.322669,,
282,1.0081,0,80.4907,0,8.57E-08,0,0,0,0,0,0,0.000597992,0.00429161,0,0.00433307,32.1963,0.900506,0.000577078,0.00204674,0,0.00212654,1.00604,0,0,0,0,0.330916,,
283,1.0079,0,80.4751,0,8.57E-08,0,0,0,0,0,0,0.000672056,0.00454672,0,0.00459612,32.19,0.88801,0.000642858,0.00214801,0,0.00224214,1.00603,0,0,0,0,0.339012,,
284,1.00769,0,80.4578,0,8.57E-08,0,0,0,0,0,0,0.000753189,0.00481018,0,0.00486879,32.1831,0.874148,0.000713534,0.00224916,0,0.00235963,1.00603,0,0,0,0,0.347005,,
285,1.00746,0,80.4386,0,8.57E-08,0,0,0,0,0,0,0.00084191,0.00508213,0,0.00515139,32.1754,0.858782,0.000788971,0.00234909,0,0.00247804,1.00602,0,0,0,0,0.354836,,
286,1.0072,0,80.4174,0,8.57E-08,0,0,0,0,0,0,0.000938764,0.00536271,0,0.00544426,32.167,0.841851,0.000868655,0.00244585,0,0.00259553,1.00602,0,0,0,0,0.362386,,
287,1.00692,0,80.3943,0,8.57E-08,0,0,0,0,0,0,0.00104432,0.00565206,0,0.00574773,32.1577,0.823407,0.000952384,0.00253874,0,0.0027115,1.00601,0,0,0,0,0.369637,,
288,1.00662,0,80.3694,0,8.57E-08,0,0,0,0,0,0,0.00115919,0.0059503,0,0.00606216,32.1478,0.803435,0.00103979,0.00262681,0,0.00282512,1.006,0,0,0,0,0.376552,,
289,1.00629,0,80.3427,0,8.57E-08,0,0,0,0,0,0,0.00128399,0.00625754,0,0.00638791,32.1371,0.782059,0.00113036,0.00270903,0,0.00293539,1.00599,0,0,0,0,0.38309,,
290,1.00595,0,80.3144,0,8.57E-08,0,0,0,0,0,0,0.00141938,0.00657386,0,0.00672535,32.1258,0.759449,0.00122391,0.0027853,0,0.00304234,1.00597,0,0,0,0,0.389274,,
291,1.00559,0,80.2847,0,8.57E-08,0,0,0,0,0,0,0.00156602,0.00689935,0,0.00707485,32.1139,0.735683,0.00132028,0.00285565,0,0.00314609,1.00596,0,0,0,0,0.395134,,
292,1.00522,0,80.2537,0,8.57E-08,0,0,0,0,0,0,0.00172462,0.00723408,0,0.00743681,32.1015,0.710861,0.00141896,0.00291944,0,0.00324601,1.00594,0,0,0,0,0.40065,,
293,1.00484,0,80.2215,0,8.57E-08,0,0,0,0,0,0,0.00189591,0.00757808,0,0.00781164,32.0886,0.685138,0.00151965,0.00297663,0,0.00334211,1.00592,0,0,0,0,0.405838,,
294,1.00444,0,80.1883,0,8.57E-08,0,0,0,0,0,0,0.00208062,0.0079314,0,0.00819976,32.0753,0.65854,0.00162224,0.00302759,0,0.00343481,1.0059,0,0,0,0,0.410743,,
295,1.00404,0,80.154,0,8.57E-08,0,0,0,0,0,0,0.00227954,0.00829404,0,0.00860159,32.0616,0.631151,0.00172635,0.00307215,0,0.00352397,1.00588,0,0,0,0,0.415366,,
296,1.00362,0,80.1189,0,8.57E-08,0,0,0,0,0,0,0.00249343,0.00866602,0,0.0090176,32.0476,0.603056,0.00183169,0.00311041,0,0.00360968,1.00585,0,0,0,0,0.419727,,
297,1.0032,0,80.083,0,8.57E-08,0,0,0,0,0,0,0.00272313,0.00904731,0,0.00944824,32.0332,0.574325,0.00193798,0.00314254,0,0.00369206,1.00582,0,0,0,0,0.423844,,
298,1.00278,0,80.0464,0,8.57E-08,0,0,0,0,0,0,0.00296944,0.00943789,0,0.00989401,32.0185,0.545027,0.00204472,0.00316834,0,0.00377084,1.00579,0,0,0,0,0.427711,,
299,1.00234,0,80.0092,0,8.57E-08,0,0,0,0,0,0,0.00323322,0.00983771,0,0.0103554,32.0037,0.515284,0.0021515,0.00318785,0,0.00384595,1.00576,0,0,0,0,0.431332,,
300,1.00191,0,79.9715,0,8.57E-08,0,0,0,0,0,0,0.00351532,0.0102467,0,0.0108329,31.9886,0.485138,0.00225915,0.00320294,0,0.00391951,1.00572,0,0,0,0,0.434835,,
301,1.00147,0,79.9335,0,8.57E-08,0,0,0,0,0,0,0.00381661,0.0106648,0,0.0113272,31.9734,0.454728,0.00236819,0.0032147,0,0.00399282,1.00568,0,0,0,0,0.438294,,
302,1.00104,0,79.8952,0,8.57E-08,0,0,0,0,0,0,0.00413797,0.0110919,0,0.0118386,31.9581,0.424087,0.00247857,0.00322341,0,0.00406616,1.00563,0,0,0,0,0.441728,,
303,1.00061,0,79.8568,0,8.57E-08,0,0,0,0,0,0,0.00448031,0.011528,0,0.012368,31.9427,0.393354,0.00258994,0.00322888,0,0.00413926,1.00559,0,0,0,0,0.445123,,
304,1.00018,0,79.8183,0,8.57E-08,0,0,0,0,0,0,0.00484455,0.0119728,0,0.0129158,31.9273,0.362605,0.00270234,0.0032315,0,0.00421251,1.00553,0,0,0,0,0.448502,,
305,0.999749,0,79.7799,0,8.57E-08,0,0,0,0,0,0,0.00523163,0.0124264,0,0.0134828,31.912,0.331894,0.00281537,0.00323108,0,0.00428558,1.00548,0,0,0,0,0.451847,,
306,0.999329,0,79.7418,0,8.57E-08,0,0,0,0,0,0,0.00564249,0.0128886,0,0.0140696,31.8967,0.301415,0.00292899,0.00322788,0,0.00435869,1.00542,0,0,0,0,0.455171,,
307,0.998915,0,79.704,0,8.57E-08,0,0,0,0,0,0,0.00607803,0.0133592,0,0.0146769,31.8816,0.271127,0.00304312,0.00322209,0,0.00443198,1.00536,0,0,0,0,0.458482,,
308,0.998508,0,79.6665,0,8.57E-08,0,0,0,0,0,0,0.00653926,0.0138381,0,0.0153054,31.8666,0.241126,0.00315654,0.00321273,0,0.00450393,1.0053,0,0,0,0,0.461705,,
309,0.998111,0,79.6297,0,8.57E-08,0,0,0,0,0,0,0.00702718,0.0143252,0,0.015956,31.8519,0.211694,0.00326917,0.00320013,0,0.00457474,1.00523,0,0,0,0,0.464851,,
310,0.997723,0,79.5936,0,8.57E-08,0,0,0,0,0,0,0.00754279,0.0148204,0,0.0166295,31.8374,0.18279,0.00338152,0.00318505,0,0.00464534,1.00517,0,0,0,0,0.467968,,
311,0.997346,0,79.5582,0,8.57E-08,0,0,0,0,0,0,0.00808703,0.0153235,0,0.0173266,31.8233,0.154458,0.00349265,0.00316689,0,0.00471464,1.0051,0,0,0,0,0.471002,,
312,0.996978,0,79.5235,0,8.57E-08,0,0,0,0,0,0,0.00866098,0.0158343,0,0.0180482,31.8094,0.12677,0.00360206,0.00314562,0,0.00478223,1.00503,0,0,0,0,0.473938,,
313,0.996621,0,79.4898,0,8.57E-08,0,0,0,0,0,0,0.00926572,0.0163528,0,0.0187954,31.7959,0.0997583,0.00370989,0.00312166,0,0.00484851,1.00497,0,0,0,0,0.476796,,
314,0.996274,0,79.4569,0,8.56E-08,0,0,0,0,0,0,0.00990228,0.0168788,0,0.0195691,31.7827,0.0734342,0.00381552,0.00309455,0,0.00491268,1.0049,0,0,0,0,0.479537,,
315,0.995941,0,79.4252,0,8.56E-08,0,0,0,0,0,0,0.0105717,0.0174121,0,0.0203701,31.7701,0.0480706,0.00391654,0.00306337,0,0.00497228,1.00484,0,0,0,0,0.482047,,
316,0.995618,0,79.3943,0,8.56E-08,0,0,0,0,0,0,0.0112752,0.0179526,0,0.0211997,31.7577,0.0233734,0.00401919,0.00303268,0,0.00503498,1.00477,0,0,0,0,0.4847,,
317,0.995305,0,79.3644,0,8.56E-08,0,0,0,0,0,0,0.0120138,0.0185002,0,0.0220588,31.7458,-0.000558135,0.00411404,0.00299564,0,0.00508912,1.00471,0,0,0,0,0.486934,,
318,0.995007,0,79.3357,0,8.56E-08,0,0,0,0,0,0,0.0127887,0.0190547,0,0.0229485,31.7343,-0.0234804,0.00420781,0.00295811,0,0.00514355,1.00465,0,0,0,0,0.489178,,
319,0.994718,0,79.3079,0,8.56E-08,0,0,0,0,0,0,0.0136011,0.019616,0,0.02387,31.7232,-0.0457465,0.00429704,0.00291716,0,0.00519369,1.00459,0,0,0,0,0.491215,,
320,0.994442,0,79.2812,0,8.56E-08,0,0,0,0,0,0,0.0144522,0.020184,0,0.0248246,31.7125,-0.0670915,0.00438089,0.00287292,0,0.00523888,1.00453,0,0,0,0,0.493018,,
321,0.994177,0,79.2556,0,8.56E-08,0,0,0,0,0,0,0.0153433,0.0207585,0,0.0258134,31.7022,-0.0875696,0.00445979,0.00282609,0,0.00527982,1.00447,0,0,0,0,0.494623,,
322,0.993926,0,79.2311,0,8.56E-08,0,0,0,0,0,0,0.0162755,0.0213394,0,0.0268377,31.6924,-0.10721,0.00453361,0.0027769,0,0.00531646,1.00441,0,0,0,0,0.496031,,
323,0.993686,0,79.2075,0,8.56E-08,0,0,0,0,0,0,0.0172503,0.0219266,0,0.0278989,31.683,-0.126049,0.00460227,0.0027255,0,0.00534876,1.00436,0,0,0,0,0.497241,,
324,0.993459,0,79.1849,0,8.56E-08,0,0,0,0,0,0,0.0182689,0.0225199,0,0.0289982,31.674,-0.144109,0.00466539,0.00267192,0,0.00537634,1.0043,0,0,0,0,0.498239,,
325,0.993243,0,79.1634,0,8.56E-08,0,0,0,0,0,0,0.0193326,0.0231192,0,0.0301372,31.6654,-0.161358,0.00472296,0.00261645,0,0.00539928,1.00424,0,0,0,0,0.49903,,
326,0.99304,0,79.1428,0,8.56E-08,0,0,0,0,0,0,0.020443,0.0237244,0,0.0313171,31.6571,-0.177816,0.0047753,0.00255946,0,0.00541797,1.00419,0,0,0,0,0.499633,,
327,0.992848,0,79.1232,0,8.56E-08,0,0,0,0,0,0,0.0216015,0.0243352,0,0.0325396,31.6493,-0.19351,0.00482252,0.00250121,0,0.00543257,1.00413,0,0,0,0,0.500058,,
328,0.992668,0,79.1045,0,8.56E-08,0,0,0,0,0,0,0.0228094,0.0249517,0,0.0338062,31.6418,-0.208458,0.0048648,0.002442,0,0.00544331,1.00408,0,0,0,0,0.500314,,
329,0.992499,0,79.0867,0,8.56E-08,0,0,0,0,0,0,0.0240684,0.0255736,0,0.0351183,31.6347,-0.222683,0.00490241,0.00238213,0,0.00545052,1.00402,0,0,0,0,0.500418,,
330,0.99234,0,79.0698,0,8.56E-08,0,0,0,0,0,0,0.02538,0.0262008,0,0.0364777,31.6279,-0.23622,0.00493573,0.00232192,0,0.00545461,1.00397,0,0,0,0,0.500388,,
331,0.992191,0,79.0537,0,8.56E-08,0,0,0,0,0,0,0.0267457,0.0268331,0,0.037886,31.6215,-0.249109,0.004965,0.00226152,0,0.0054558,1.00392,0,0,0,0,0.500235,,
332,0.992053,0,79.0384,0,8.56E-08,0,0,0,0,0,0,0.0281672,0.0274703,0,0.0393448,31.6154,-0.261317,0.0049901,0.00220098,0,0.00545394,1.00386,0,0,0,0,0.499952,,
333,0.991924,0,79.024,0,8.56E-08,0,0,0,0,0,0,0.0296462,0.0281124,0,0.0408559,31.6096,-0.272882,0.00501183,0.00214076,0,0.00544989,1.00381,0,0,0,0,0.499577,,
334,0.991804,0,79.0103,0,8.56E-08,0,0,0,0,0,0,0.0311843,0.0287591,0,0.0424211,31.6041,-0.283852,0.00502975,0.00208068,0,0.00544313,1.00376,0,0,0,0,0.499087,,
335,0.991693,0,78.9973,0,8.56E-08,0,0,0,0,0,0,0.0327834,0.0294101,0,0.0440421,31.5989,-0.29424,0.00504438,0.00202103,0,0.00543418,1.0037,0,0,0,0,0.498505,,
336,0.99159,0,78.985,0,8.56E-08,0,0,0,0,0,0,0.0344451,0.0300655,0,0.0457209,31.594,-0.304082,0.0050558,0.00196187,0,0.0054231,1.00365,0,0,0,0,0.497833,,
337,0.991496,0,78.9734,0,8.56E-08,0,0,0,0,0,0,0.0361713,0.0307248,0,0.0474592,31.5893,-0.313376,0.00506458,0.00190344,0,0.00541046,1.0036,0,0,0,0,0.497097,,
338,0.991408,0,78.9624,0,8.56E-08,0,0,0,0,0,0,0.0379639,0.031388,0,0.0492591,31.585,-0.322148,0.00507093,0.00184582,0,0.00539642,1.00355,0,0,0,0,0.496304,,
339,0.991328,0,78.9521,0,8.56E-08,0,0,0,0,0,0,0.0398248,0.0320547,0,0.0511226,31.5808,-0.330421,0.00507509,0.00178909,0,0.00538121,1.0035,0,0,0,0,0.495463,,
340,0.991255,0,78.9423,0,8.56E-08,0,0,0,0,0,0,0.0417559,0.0327247,0,0.0530515,31.5769,-0.338218,0.0050773,0.00173332,0,0.00536502,1.00345,0,0,0,0,0.494583,,
341,0.991187,0,78.9331,0,8.55E-08,0,0,0,0,0,0,0.0437592,0.0333978,0,0.055048,31.5732,-0.345565,0.00507773,0.00167856,0,0.00534798,1.0034,0,0,0,0,0.493668,,
342,0.991126,0,78.9245,0,8.55E-08,0,0,0,0,0,0,0.0458366,0.0340737,0,0.057114,31.5698,-0.35246,0.00507655,0.00162484,0,0.00533024,1.00335,0,0,0,0,0.492727,,
343,0.99107,0,78.9164,0,8.55E-08,0,0,0,0,0,0,0.0479904,0.0347521,0,0.0592519,31.5666,-0.358932,0.005074,0.0015722,0,0.00531199,1.00331,0,0,0,0,0.491767,,
344,0.99102,0,78.9088,0,8.55E-08,0,0,0,0,0,0,0.0502224,0.0354327,0,0.0614635,31.5635,-0.364999,0.00507021,0.00152065,0,0.00529334,1.00326,0,0,0,0,0.490793,,
345,0.990975,0,78.9017,0,8.55E-08,0,0,0,0,0,0,0.0525349,0.0361151,0,0.0637512,31.5607,-0.370678,0.00506531,0.0014702,0,0.00527436,1.00322,0,0,0,0,0.489807,,
346,0.990934,0,78.8951,0,8.55E-08,0,0,0,0,0,0,0.05493,0.036799,0,0.0661171,31.558,-0.375978,0.00505946,0.00142086,0,0.00525518,1.00317,0,0,0,0,0.488816,,
347,0.990898,0,78.8889,0,8.55E-08,0,0,0,0,0,0,0.0574099,0.0374841,0,0.0685635,31.5556,-0.380913,0.0050528,0.00137262,0,0.00523592,1.00313,0,0,0,0,0.487824,,
348,0.990866,0,78.8832,0,8.55E-08,0,0,0,0,0,0,0.0599767,0.03817,0,0.0710925,31.5533,-0.385502,0.00504542,0.00132548,0,0.00521662,1.00309,0,0,0,0,0.486833,,
349,0.990839,0,78.8779,0,8.55E-08,0,0,0,0,0,0,0.0626327,0.0388562,0,0.0737066,31.5512,-0.389757,0.00503743,0.00127941,0,0.00519736,1.00305,0,0,0,0,0.485847,,
350,0.990815,0,78.873,0,8.55E-08,0,0,0,0,0,0,0.0653801,0.0395424,0,0.0764078,31.5492,-0.393685,0.0050289,0.00123441,0,0.00517819,1.00301,0,0,0,0,0.484868,,
351,0.990794,0,78.8685,0,8.55E-08,0,0,0,0,0,0,0.0682212,0.040228,0,0.0791987,31.5474,-0.397299,0.00501994,0.00119046,0,0.00515917,1.00298,0,0,0,0,0.483898,,
352,0.990777,0,78.8643,0,8.55E-08,0,0,0,0,0,0,0.0711583,0.0409126,0,0.0820814,31.5457,-0.400612,0.00501061,0.00114753,0,0.00514034,1.00294,0,0,0,0,0.48294,,
353,0.990764,0,78.8605,0,8.55E-08,0,0,0,0,0,0,0.0741937,0.0415958,0,0.0850583,31.5442,-0.403633,0.00500097,0.00110559,0,0.00512172,1.00291,0,0,0,0,0.481993,,
354,0.990753,0,78.8571,0,8.55E-08,0,0,0,0,0,0,0.0773296,0.042277,0,0.0881318,31.5428,-0.406368,0.00499106,0.00106463,0,0.00510335,1.00287,0,0,0,0,0.481061,,
355,0.990746,0,78.854,0,8.55E-08,0,0,0,0,0,0,0.0805684,0.0429556,0,0.0913041,31.5416,-0.40883,0.00498095,0.00102461,0,0.00508525,1.00284,0,0,0,0,0.480142,,
356,0.990741,0,78.8513,0,8.55E-08,0,0,0,0,0,0,0.0839123,0.0436311,0,0.0945777,31.5405,-0.411025,0.00497067,0.00098551,0,0.00506742,1.00281,0,0,0,0,0.479239,,
357,0.990739,0,78.8489,0,8.55E-08,0,0,0,0,0,0,0.0873637,0.0443029,0,0.0979549,31.5396,-0.412959,0.00496024,0.000947298,0,0.00504988,1.00278,0,0,0,0,0.47835,,
358,0.99074,0,78.8468,0,8.55E-08,0,0,0,0,0,0,0.0909249,0.0449703,0,0.101438,31.5387,-0.414641,0.00494969,0.000909949,0,0.00503264,1.00276,0,0,0,0,0.477477,,
359,0.990743,0,78.845,0,8.55E-08,0,0,0,0,0,0,0.0945981,0.0456328,0,0.105029,31.538,-0.416078,0.00493905,0.000873434,0,0.00501568,1.00273,0,0,0,0,0.476619,,
360,0.990748,0,78.8435,0,8.55E-08,0,0,0,0,0,0,0.0983855,0.0462897,0,0.108731,31.5374,-0.417273,0.00492833,0.000837727,0,0.00499902,1.0027,0,0,0,0,0.475777,,
361,0.990756,0,78.8423,0,8.55E-08,0,0,0,0,0,0,0.102289,0.0469402,0,0.112546,31.5369,-0.418234,0.00491754,0.000802801,0,0.00498264,1.00268,0,0,0,0,0.474949,,
362,0.990766,0,78.8414,0,8.55E-08,0,0,0,0,0,0,0.106312,0.0475837,0,0.116475,31.5365,-0.418966,0.0049067,0.000768633,0,0.00496653,1.00266,0,0,0,0,0.474135,,
363,0.990778,0,78.8407,0,8.55E-08,0,0,0,0,0,0,0.110456,0.0482194,0,0.120522,31.5363,-0.419474,0.0048958,0.000735196,0,0.0049507,1.00264,0,0,0,0,0.473335,,
364,0.990793,0,78.8404,0,8.55E-08,0,0,0,0,0,0,0.114722,0.0488466,0,0.124688,31.5362,-0.419761,0.00488487,0.00070247,0,0.00493512,1.00262,0,0,0,0,0.472548,,
365,0.990809,0,78.8403,0,8.55E-08,0,0,0,0,0,0,0.119114,0.0494645,0,0.128976,31.5361,-0.419834,0.00487389,0.00067043,0,0.00491978,1.0026,0,0,0,0,0.471774,,
366,0.990828,0,78.8405,0,8.55E-08,0,0,0,0,0,0,0.123632,0.0500722,0,0.133387,31.5362,-0.419693,0.00486286,0.000639057,0,0.00490467,1.00259,0,0,0,0,0.471012,,
367,0.990848,0,78.8409,0,8.55E-08,0,0,0,0,0,0,0.128279,0.050669,0,0.137924,31.5364,-0.419344,0.0048518,0.000608332,0,0.00488978,1.00257,0,0,0,0,0.470261,,
368,0.99087,0,78.8416,0,8.55E-08,0,0,0,0,0,0,0.133057,0.051254,0,0.142588,31.5366,-0.418791,0.00484068,0.000578235,0,0.00487509,1.00256,0,0,0,0,0.469521,,
369,0.990895,0,78.8425,0,8.55E-08,0,0,0,0,0,0,0.137968,0.0518264,0,0.147381,31.537,-0.418038,0.00482951,0.000548749,0,0.00486058,1.00254,0,0,0,0,0.46879,,
370,0.990921,0,78.8437,0,8.55E-08,0,0,0,0,0,0,0.143013,0.0523852,0,0.152305,31.5375,-0.417086,0.00481828,0.000519859,0,0.00484624,1.00253,0,0,0,0,0.468067,,
371,0.990948,0,78.8452,0,8.55E-08,0,0,0,0,0,0,0.148194,0.0529296,0,0.157362,31.5381,-0.41594,0.00480699,0.00049155,0,0.00483206,1.00252,0,0,0,0,0.467353,,
372,0.990978,0,78.8468,0,8.55E-08,0,0,0,0,0,0,0.153511,0.0534588,0,0.162553,31.5387,-0.414602,0.00479565,0.00046381,0,0.00481802,1.00251,0,0,0,0,0.466647,,
373,0.991009,0,78.8487,0,8.55E-08,0,0,0,0,0,0,0.158968,0.0539717,0,0.16788,31.5395,-0.413075,0.00478423,0.000436626,0,0.00480412,1.00251,0,0,0,0,0.465947,,
374,0.991042,0,78.8509,0,8.55E-08,0,0,0,0,0,0,0.164564,0.0544675,0,0.173344,31.5403,-0.411363,0.00477275,0.000409986,0,0.00479033,1.0025,0,0,0,0,0.465254,,
375,0.991076,0,78.8532,0,8.55E-08,0,0,0,0,0,0,0.170301,0.0549452,0,0.178945,31.5413,-0.409467,0.00476119,0.000383882,0,0.00477664,1.0025,0,0,0,0,0.464566,,
376,0.991112,0,78.8558,0,8.55E-08,0,0,0,0,0,0,0.17618,0.055404,0,0.184686,31.5423,-0.407391,0.00474956,0.000358303,0,0.00476306,1.00249,0,0,0,0,0.463883,,
377,0.99115,0,78.8587,0,8.55E-08,0,0,0,0,0,0,0.182201,0.0558429,0,0.190567,31.5435,-0.405137,0.00473785,0.000333242,0,0.00474956,1.00249,0,0,0,0,0.463205,,
378,0.991189,0,78.8617,0,8.55E-08,0,0,0,0,0,0,0.188365,0.0562611,0,0.196588,31.5447,-0.402706,0.00472606,0.000308691,0,0.00473613,1.00249,0,0,0,0,0.46253,,
379,0.99123,0,78.865,0,8.55E-08,0,0,0,0,0,0,0.194673,0.0566576,0,0.20275,31.546,-0.4001,0.00471419,0.000284645,0,0.00472278,1.00249,0,0,0,0,0.461859,,
380,0.991272,0,78.8684,0,8.55E-08,0,0,0,0,0,0,0.201125,0.0570315,0,0.209054,31.5474,-0.397318,0.00470224,0.000261097,0,0.00470948,1.00249,0,0,0,0,0.461192,,
381,0.991316,0,78.8721,0,8.55E-08,0,0,0,0,0,0,0.20772,0.057382,0,0.2155,31.5489,-0.394362,0.0046902,0.000238043,0,0.00469624,1.00249,0,0,0,0,0.460527,,
382,0.991361,0,78.876,0,8.55E-08,0,0,0,0,0,0,0.214459,0.0577083,0,0.222088,31.5504,-0.391227,0.00467808,0.000215478,0,0.00468304,1.0025,0,0,0,0,0.459864,,
383,0.991408,0,78.8802,0,8.55E-08,0,0,0,0,0,0,0.221342,0.0580094,0,0.228817,31.5521,-0.38791,0.00466588,0.000193398,0,0.00466988,1.0025,0,0,0,0,0.459204,,
384,0.991457,0,78.8846,0,8.55E-08,0,0,0,0,0,0,0.228367,0.0582847,0,0.235687,31.5538,-0.384404,0.00465359,0.0001718,0,0.00465676,1.00251,0,0,0,0,0.458545,,
385,0.991508,0,78.8892,0,8.55E-08,0,0,0,0,0,0,0.235533,0.0585334,0,0.242698,31.5557,-0.380702,0.00464121,0.00015068,0,0.00464366,1.00252,0,0,0,0,0.457888,,
386,0.991561,0,78.8941,0,8.55E-08,0,0,0,0,0,0,0.242841,0.0587546,0,0.249848,31.5576,-0.376793,0.00462876,0.000130037,0,0.00463059,1.00253,0,0,0,0,0.457232,,
387,0.991616,0,78.8993,0,8.55E-08,0,0,0,0,0,0,0.250288,0.0589479,0,0.257136,31.5597,-0.372663,0.00461623,0.000109868,0,0.00461754,1.00254,0,0,0,0,0.456578,,
388,0.991674,0,78.9047,0,8.55E-08,0,0,0,0,0,0,0.257873,0.0591124,0,0.264562,31.5619,-0.368311,0.00460365,9.02E-05,0,0.00460453,1.00255,0,0,0,0,0.455925,,
389,0.991734,0,78.9104,0,8.55E-08,0,0,0,0,0,0,0.265595,0.0592477,0,0.272123,31.5642,-0.363731,0.00459102,7.09E-05,0,0.00459157,1.00256,0,0,0,0,0.455276,,
390,0.991796,0,78.9164,0,8.55E-08,0,0,0,0,0,0,0.27345,0.0593531,0,0.279817,31.5666,-0.358934,0.00457839,5.22E-05,0,0.00457869,1.00257,0,0,0,0,0.45463,,
391,0.99186,0,78.9227,0,8.55E-08,0,0,0,0,0,0,0.281437,0.0594283,0,0.287643,31.5691,-0.353941,0.00456579,3.39E-05,0,0.00456592,1.00259,0,0,0,0,0.45399,,
392,0.991927,0,78.9291,0,8.55E-08,0,0,0,0,0,0,0.289554,0.0594727,0,0.295599,31.5716,-0.34878,0.00455325,1.61E-05,0,0.00455328,1.0026,0,0,0,0,0.453356,,
393,0.991994,0,78.9357,0,8.55E-08,0,0,0,0,0,0,0.297797,0.059486,0,0.30368,31.5743,-0.343491,0.00454079,-1.31E-06,0,0.00454079,1.00262,0,0,0,0,0.452729,,
394,0.992061,0,78.9424,0,8.55E-08,0,0,0,0,0,0,0.306164,0.0594678,0,0.311885,31.577,-0.338108,0.00452841,-1.82E-05,0,0.00452845,1.00263,0,0,0,0,0.45211,,
395,0.992129,0,78.9493,0,8.55E-08,0,0,0,0,0,0,0.31465,0.0594181,0,0.320211,31.5797,-0.33266,0.00451611,-3.47E-05,0,0.00451625,1.00265,0,0,0,0,0.451497,,
396,0.992197,0,78.9561,0,8.55E-08,0,0,0,0,0,0,0.323253,0.0593366,0,0.328654,31.5824,-0.327173,0.00450389,-5.07E-05,0,0.00450417,1.00267,0,0,0,0,0.45089,,
397,0.992264,0,78.963,0,8.55E-08,0,0,0,0,0,0,0.331968,0.0592231,0,0.33721,31.5852,-0.321658,0.00449171,-6.63E-05,0,0.0044922,1.00269,0,0,0,0,0.450288,,
398,0.992331,0,78.9699,0,8.55E-08,0,0,0,0,0,0,0.340792,0.0590777,0,0.345875,31.588,-0.316116,0.00447959,-8.14E-05,0,0.00448033,1.00271,0,0,0,0,0.44969,,
399,0.992398,0,78.9769,0,8.55E-08,0,0,0,0,0,0,0.34972,0.0589005,0,0.354645,31.5908,-0.310554,0.00446751,-9.61E-05,0,0.00446854,1.00273,0,0,0,0,0.449097,,
400,0.992465,0,78.9839,0,8.55E-08,0,0,0,0,0,0,0.358747,0.0586915,0,0.363516,31.5935,-0.304968,0.00445548,-0.00011037,0,0.00445685,1.00275,0,0,0,0,0.448508,,
401,0.992532,0,78.9909,0,8.55E-08,0,0,0,0,0,0,0.367869,0.0584509,0,0.372483,31.5964,-0.299352,0.00444351,-0.000124205,0,0.00444525,1.00277,0,0,0,0,0.447923,,
402,0.992599,0,78.9979,0,8.55E-08,0,0,0,0,0,0,0.37708,0.058179,0,0.381542,31.5992,-0.293707,0.00443162,-0.000137618,0,0.00443375,1.0028,0,0,0,0,0.447343,,
403,0.992666,0,79.005,0,8.55E-08,0,0,0,0,0,0,0.386375,0.0578762,0,0.390686,31.602,-0.288033,0.00441979,-0.000150614,0,0.00442236,1.00282,0,0,0,0,0.446768,,
404,0.992733,0,79.0122,0,8.55E-08,0,0,0,0,0,0,0.395749,0.0575429,0,0.39991,31.6049,-0.282328,0.00440805,-0.000163201,0,0.00441107,1.00284,0,0,0,0,0.446198,,
405,0.9928,0,79.0193,0,8.55E-08,0,0,0,0,0,0,0.405195,0.0571794,0,0.40921,31.6077,-0.27659,0.0043964,-0.000175383,0,0.0043999,1.00286,0,0,0,0,0.445634,,
406,0.992867,0,79.0266,0,8.55E-08,0,0,0,0,0,0,0.414709,0.0567865,0,0.418579,31.6106,-0.270826,0.00438484,-0.000187169,0,0.00438884,1.00289,0,0,0,0,0.445075,,
407,0.992934,0,79.0338,0,8.55E-08,0,0,0,0,0,0,0.424283,0.0563647,0,0.428011,31.6135,-0.265038,0.00437339,-0.000198566,0,0.00437789,1.00291,0,0,0,0,0.444522,,
408,0.993002,0,79.041,0,8.55E-08,0,0,0,0,0,0,0.433912,0.0559146,0,0.4375,31.6164,-0.259228,0.00436204,-0.000209582,0,0.00436707,1.00294,0,0,0,0,0.443974,,
409,0.993069,0,79.0483,0,8.55E-08,0,0,0,0,0,0,0.443589,0.0554371,0,0.44704,31.6193,-0.253396,0.00435079,-0.000220223,0,0.00435636,1.00296,0,0,0,0,0.443433,,
410,0.993136,0,79.0556,0,8.55E-08,0,0,0,0,0,0,0.453308,0.0549329,0,0.456624,31.6223,-0.247552,0.00433966,-0.0002305,0,0.00434578,1.00299,0,0,0,0,0.442897,,
411,0.993204,0,79.063,0,8.55E-08,0,0,0,0,0,0,0.463061,0.0544028,0,0.466246,31.6252,-0.241699,0.00432865,-0.000240421,0,0.00433532,1.00301,0,0,0,0,0.442368,,
412,0.993271,0,79.0703,0,8.55E-08,0,0,0,0,0,0,0.472843,0.0538478,0,0.4759,31.6281,-0.235839,0.00431774,-0.000249994,0,0.00432497,1.00304,0,0,0,0,0.441844,,
413,0.993338,0,79.0776,0,8.55E-08,0,0,0,0,0,0,0.482647,0.0532688,0,0.485577,31.631,-0.229974,0.00430695,-0.000259228,0,0.00431475,1.00306,0,0,0,0,0.441326,,
414,0.993405,0,79.0849,0,8.55E-08,0,0,0,0,0,0,0.492465,0.0526668,0,0.495273,31.634,-0.224109,0.00429627,-0.000268134,0,0.00430463,1.00309,0,0,0,0,0.440814,,
415,0.993472,0,79.0923,0,8.55E-08,0,0,0,0,0,0,0.50229,0.0520429,0,0.504979,31.6369,-0.218252,0.00428569,-0.000276719,0,0.00429462,1.00311,0,0,0,0,0.440306,,
416,0.993539,0,79.0996,0,8.55E-08,0,0,0,0,0,0,0.512117,0.0513979,0,0.514689,31.6398,-0.212404,0.00427522,-0.000284994,0,0.00428471,1.00314,0,0,0,0,0.439804,,
417,0.993605,0,79.1069,0,8.55E-08,0,0,0,0,0,0,0.521937,0.0507332,0,0.524397,31.6427,-0.206567,0.00426484,-0.000292969,0,0.00427489,1.00316,0,0,0,0,0.439307,,
418,0.993671,0,79.1142,0,8.55E-08,0,0,0,0,0,0,0.531744,0.0500497,0,0.534094,31.6457,-0.200745,0.00425455,-0.000300652,0,0.00426516,1.00319,0,0,0,0,0.438814,,
419,0.993737,0,79.1214,0,8.55E-08,0,0,0,0,0,0,0.541531,0.0493485,0,0.543775,31.6486,-0.19494,0.00424434,-0.000308053,0,0.00425551,1.00321,0,0,0,0,0.438325,,
420,0.993803,0,79.1286,0,8.55E-08,0,0,0,0,0,0,0.551292,0.0486309,0,0.553432,31.6515,-0.189156,0.00423422,-0.000315182,0,0.00424593,1.00324,0,0,0,0,0.43784,,
421,0.993869,0,79.1358,0,8.55E-08,0,0,0,0,0,0,0.561019,0.0478979,0,0.56306,31.6543,-0.183397,0.00422416,-0.000322048,0,0.00423642,1.00326,0,0,0,0,0.437358,,
422,0.993934,0,79.143,0,8.55E-08,0,0,0,0,0,0,0.570705,0.0471508,0,0.57265,31.6572,-0.177664,0.00421418,-0.000328661,0,0.00422697,1.00329,0,0,0,0,0.436879,,
423,0.993999,0,79.1501,0,8.55E-08,0,0,0,0,0,0,0.580346,0.0463906,0,0.582197,31.6601,-0.171958,0.00420425,-0.00033503,0,0.00421757,1.00331,0,0,0,0,0.436402,,
424,0.994063,0,79.1572,0,8.55E-08,0,0,0,0,0,0,0.589933,0.0456186,0,0.591694,31.6629,-0.166282,0.00419436,-0.000341163,0,0.00420821,1.00334,0,0,0,0,0.435928,,
425,0.994127,0,79.1643,0,8.55E-08,0,0,0,0,0,0,0.599461,0.0448359,0,0.601135,31.6657,-0.160637,0.00418452,-0.00034707,0,0.00419889,1.00336,0,0,0,0,0.435455,,
426,0.994191,0,79.1713,0,8.55E-08,0,0,0,0,0,0,0.608923,0.0440435,0,0.610514,31.6685,-0.155023,0.0041747,-0.000352759,0,0.00418958,1.00339,0,0,0,0,0.434983,,
427,0.994254,0,79.1783,0,8.56E-08,0,0,0,0,0,0,0.618314,0.0432427,0,0.619824,31.6713,-0.149443,0.0041649,-0.000358238,0,0.00418028,1.00341,0,0,0,0,0.434512,,
428,0.994317,0,79.1852,0,8.56E-08,0,0,0,0,0,0,0.627628,0.0424346,0,0.629061,31.6741,-0.143898,0.00415511,-0.000363516,0,0.00417098,1.00344,0,0,0,0,0.43404,,
429,0.99438,0,79.1921,0,8.56E-08,0,0,0,0,0,0,0.63686,0.0416203,0,0.638218,31.6768,-0.138388,0.00414532,-0.000368599,0,0.00416167,1.00346,0,0,0,0,0.433569,,
430,0.994442,0,79.1989,0,8.56E-08,0,0,0,0,0,0,0.646003,0.0408007,0,0.64729,31.6796,-0.132915,0.00413552,-0.000373496,0,0.00415235,1.00348,0,0,0,0,0.433096,,
431,0.994504,0,79.2057,0,8.56E-08,0,0,0,0,0,0,0.655054,0.0399771,0,0.656273,31.6823,-0.127477,0.0041257,-0.000378213,0,0.004143,1.00351,0,0,0,0,0.432622,,
432,0.994565,0,79.2125,0,8.56E-08,0,0,0,0,0,0,0.664007,0.0391503,0,0.66516,31.685,-0.122076,0.00411585,-0.000382758,0,0.00413361,1.00353,0,0,0,0,0.432146,,
433,0.994626,0,79.2192,0,8.56E-08,0,0,0,0,0,0,0.672857,0.0383215,0,0.673947,31.6877,-0.116711,0.00410597,-0.000387137,0,0.00412418,1.00355,0,0,0,0,0.431668,,
434,0.994687,0,79.2259,0,8.56E-08,0,0,0,0,0,0,0.6816,0.0374915,0,0.68263,31.6903,-0.111382,0.00409605,-0.000391356,0,0.0041147,1.00358,0,0,0,0,0.431187,,
435,0.994747,0,79.2325,0,8.56E-08,0,0,0,0,0,0,0.690232,0.0366613,0,0.691205,31.693,-0.106089,0.00408608,-0.000395421,0,0.00410516,1.0036,0,0,0,0,0.430703,,
436,0.994807,0,79.239,0,8.56E-08,0,0,0,0,0,0,0.69875,0.0358319,0,0.699668,31.6956,-0.100831,0.00407604,-0.000399337,0,0.00409556,1.00362,0,0,0,0,0.430215,,
437,0.994866,0,79.2456,0,8.56E-08,0,0,0,0,0,0,0.707149,0.035004,0,0.708015,31.6982,-0.0956068,0.00406595,-0.000403111,0,0.00408588,1.00365,0,0,0,0,0.429724,,
438,0.994925,0,79.2521,0,8.56E-08,0,0,0,0,0,0,0.715426,0.0341785,0,0.716242,31.7008,-0.0904167,0.00405578,-0.000406745,0,0.00407613,1.00367,0,0,0,0,0.429229,,
439,0.994984,0,79.2585,0,8.56E-08,0,0,0,0,0,0,0.723579,0.0333563,0,0.724347,31.7034,-0.0852595,0.00404554,-0.000410247,0,0.00406629,1.00369,0,0,0,0,0.42873,,
440,0.995043,0,79.2649,0,8.56E-08,0,0,0,0,0,0,0.731603,0.0325381,0,0.732326,31.706,-0.0801342,0.00403523,-0.000413618,0,0.00405637,1.00371,0,0,0,0,0.428226,,
441,0.995101,0,79.2713,0,8.56E-08,0,0,0,0,0,0,0.739498,0.0317246,0,0.740178,31.7085,-0.0750403,0.00402482,-0.000416864,0,0.00404635,1.00374,0,0,0,0,0.427717,,
442,0.995159,0,79.2776,0,8.56E-08,0,0,0,0,0,0,0.747259,0.0309165,0,0.747899,31.711,-0.0699767,0.00401432,-0.000419989,0,0.00403624,1.00376,0,0,0,0,0.427203,,
443,0.995216,0,79.2839,0,8.56E-08,0,0,0,0,0,0,0.754887,0.0301145,0,0.755487,31.7136,-0.0649421,0.00400374,-0.000422996,0,0.00402602,1.00378,0,0,0,0,0.426684,,
444,0.995274,0,79.2902,0,8.56E-08,0,0,0,0,0,0,0.762378,0.0293192,0,0.762941,31.7161,-0.0599356,0.00399306,-0.000425887,0,0.0040157,1.0038,0,0,0,0,0.426159,,
445,0.995331,0,79.2964,0,8.56E-08,0,0,0,0,0,0,0.769731,0.0285313,0,0.770259,31.7186,-0.0549559,0.00398228,-0.000428666,0,0.00400528,1.00382,0,0,0,0,0.42563,,
446,0.995388,0,79.3026,0,8.56E-08,0,0,0,0,0,0,0.776945,0.0277512,0,0.77744,31.721,-0.0500021,0.0039714,-0.000431336,0,0.00399475,1.00384,0,0,0,0,0.425094,,
447,0.995445,0,79.3087,0,8.56E-08,0,0,0,0,0,0,0.784019,0.0269795,0,0.784483,31.7235,-0.0450731,0.00396041,-0.000433899,0,0.00398411,1.00386,0,0,0,0,0.424552,,
448,0.995502,0,79.3149,0,8.56E-08,0,0,0,0,0,0,0.790952,0.0262166,0,0.791386,31.7259,-0.0401678,0.00394932,-0.000436357,0,0.00397335,1.00388,0,0,0,0,0.424005,,
449,0.995558,0,79.321,0,8.56E-08,0,0,0,0,0,0,0.797743,0.0254631,0,0.798149,31.7284,-0.0352857,0.00393811,-0.000438711,0,0.00396247,1.0039,0,0,0,0,0.423451,,
450,0.995615,0,79.327,0,8.56E-08,0,0,0,0,0,0,0.804393,0.0247193,0,0.804772,31.7308,-0.0304257,0.0039268,-0.000440965,0,0.00395148,1.00392,0,0,0,0,0.422891,,
451,0.995671,0,79.3331,0,8.56E-08,0,0,0,0,0,0,0.8109,0.0239856,0,0.811255,31.7332,-0.0255868,0.00391536,-0.000443119,0,0.00394036,1.00394,0,0,0,0,0.422325,,
452,0.995727,0,79.3391,0,8.56E-08,0,0,0,0,0,0,0.817266,0.0232624,0,0.817597,31.7356,-0.0207681,0.00390382,-0.000445175,0,0.00392912,1.00396,0,0,0,0,0.421752,,
453,0.995783,0,79.3451,0,8.56E-08,0,0,0,0,0,0,0.82349,0.0225499,0,0.823798,31.738,-0.0159691,0.00389214,-0.000447133,0,0.00391774,1.00398,0,0,0,0,0.421172,,
454,0.995839,0,79.3511,0,8.56E-08,0,0,0,0,0,0,0.829572,0.0218486,0,0.82986,31.7404,-0.011189,0.00388034,-0.000448995,0,0.00390623,1.004,0,0,0,0,0.420585,,
455,0.995895,0,79.357,0,8.56E-08,0,0,0,0,0,0,0.835514,0.0211586,0,0.835782,31.7428,-0.00642742,0.00386841,-0.000450762,0,0.00389459,1.00402,0,0,0,0,0.419991,,
456,0.995951,0,79.363,0,8.56E-08,0,0,0,0,0,0,0.841316,0.0204802,0,0.841565,31.7452,-0.00168334,0.00385633,-0.000452432,0,0.00388278,1.00404,0,0,0,0,0.419388,,
457,0.996006,0,79.3689,0,8.56E-08,0,0,0,0,0,0,0.846979,0.0198135,0,0.847211,31.7476,0.00304394,0.00384415,-0.000454012,0,0.00387087,1.00406,0,0,0,0,0.41878,,
458,0.996062,0,79.3748,0,8.56E-08,0,0,0,0,0,0,0.852504,0.0191588,0,0.852719,31.7499,0.00775417,0.00383176,-0.000455491,0,0.00385874,1.00408,0,0,0,0,0.41816,,
459,0.996117,0,79.3806,0,8.56E-08,0,0,0,0,0,0,0.857893,0.0185162,0,0.858092,31.7523,0.0124479,0.00381929,-0.000456884,0,0.00384652,1.00409,0,0,0,0,0.417536,,
460,0.996172,0,79.3865,0,8.56E-08,0,0,0,0,0,0,0.863146,0.0178858,0,0.863331,31.7546,0.017125,0.00380659,-0.000458174,0,0.00383407,1.00411,0,0,0,0,0.416899,,
461,0.996227,0,79.3923,0,8.56E-08,0,0,0,0,0,0,0.868265,0.0172677,0,0.868437,31.7569,0.0217852,0.00379379,-0.000459378,0,0.0038215,1.00413,0,0,0,0,0.416256,,
462,0.996282,0,79.3981,0,8.56E-08,0,0,0,0,0,0,0.873252,0.016662,0,0.873411,31.7592,0.0264286,0.00378076,-0.00046048,0,0.0038087,1.00415,0,0,0,0,0.4156,,
463,0.996337,0,79.4039,0,8.56E-08,0,0,0,0,0,0,0.878108,0.0160688,0,0.878255,31.7616,0.0310553,0.0037676,-0.000461495,0,0.00379576,1.00417,0,0,0,0,0.414937,,
464,0.996391,0,79.4097,0,8.56E-08,0,0,0,0,0,0,0.882836,0.0154881,0,0.882972,31.7639,0.0356651,0.00375419,-0.000462406,0,0.00378256,1.00419,0,0,0,0,0.414259,,
465,0.996445,0,79.4154,0,8.56E-08,0,0,0,0,0,0,0.887437,0.0149199,0,0.887562,31.7662,0.0402581,0.00374067,-0.000463233,0,0.00376924,1.0042,0,0,0,0,0.413576,,
466,0.996499,0,79.4211,0,8.56E-08,0,0,0,0,0,0,0.891912,0.0143641,0,0.892028,31.7684,0.0448341,0.00372683,-0.000463949,0,0.00375559,1.00422,0,0,0,0,0.412874,,
467,0.996553,0,79.4268,0,8.56E-08,0,0,0,0,0,0,0.896265,0.0138209,0,0.896371,31.7707,0.0493932,0.00371289,-0.000464584,0,0.00374184,1.00424,0,0,0,0,0.412167,,
468,0.996606,0,79.4325,0,8.56E-08,0,0,0,0,0,0,0.900496,0.01329,0,0.900594,31.773,0.0539344,0.00369862,-0.000465108,0,0.00372775,1.00426,0,0,0,0,0.411441,,
469,0.996659,0,79.4382,0,8.56E-08,0,0,0,0,0,0,0.904609,0.0127716,0,0.904699,31.7753,0.0584611,0.00368417,-0.000465541,0,0.00371347,1.00428,0,0,0,0,0.410705,,
470,0.996712,0,79.4438,0,8.56E-08,0,0,0,0,0,0,0.908605,0.0122654,0,0.908688,31.7775,0.0629699,0.00366949,-0.000465878,0,0.00369895,1.00429,0,0,0,0,0.409956,,
471,0.996765,0,79.4494,0,8.56E-08,0,0,0,0,0,0,0.912486,0.0117715,0,0.912562,31.7798,0.0674592,0.00365447,-0.000466103,0,0.00368407,1.00431,0,0,0,0,0.409187,,
472,0.996817,0,79.455,0,8.56E-08,0,0,0,0,0,0,0.916256,0.0112896,0,0.916325,31.782,0.0719303,0.00363928,-0.000466241,0,0.00366902,1.00433,0,0,0,0,0.408408,,
473,0.99687,0,79.4606,0,8.56E-08,0,0,0,0,0,0,0.919915,0.0108198,0,0.919978,31.7842,0.0763842,0.00362374,-0.00046627,0,0.00365362,1.00435,0,0,0,0,0.40761,,
474,0.996921,0,79.4661,0,8.56E-08,0,0,0,0,0,0,0.923466,0.0103618,0,0.923524,31.7864,0.0808173,0.0036079,-0.000466195,0,0.0036379,1.00436,0,0,0,0,0.406794,,
475,0.996973,0,79.4716,0,8.56E-08,0,0,0,0,0,0,0.926912,0.00991563,0,0.926965,31.7886,0.0852355,0.00359186,-0.000466029,0,0.00362197,1.00438,0,0,0,0,0.405966,,
476,0.997025,0,79.4771,0,8.56E-08,0,0,0,0,0,0,0.930255,0.00948102,0,0.930303,31.7909,0.0896582,0.00357538,-0.000465743,0,0.00360559,1.0044,0,0,0,0,0.405113,,
477,0.997075,0,79.4826,0,8.56E-08,0,0,0,0,0,0,0.933497,0.00905787,0,0.933541,31.793,0.0940305,0.00355859,-0.000465355,0,0.00358889,1.00442,0,0,0,0,0.404242,,
478,0.997126,0,79.488,0,8.56E-08,0,0,0,0,0,0,0.93664,0.00864601,0,0.93668,31.7952,0.0983672,0.00354146,-0.00046486,0,0.00357184,1.00444,0,0,0,0,0.403351,,
479,0.997176,0,79.4935,0,8.56E-08,0,0,0,0,0,0,0.939687,0.00824527,0,0.939724,31.7974,0.102702,0.00352402,-0.000464265,0,0.00355447,1.00445,0,0,0,0,0.402443,,
480,0.997226,0,79.4989,0,8.56E-08,0,0,0,0,0,0,0.942641,0.00785548,0,0.942673,31.7996,0.107045,0.00350619,-0.000463558,0,0.0035367,1.00447,0,0,0,0,0.401511,,
481,0.997277,0,79.5043,0,8.56E-08,0,0,0,0,0,0,0.945502,0.00747646,0,0.945532,31.8017,0.111405,0.00348795,-0.000462737,0,0.00351851,1.00449,0,0,0,0,0.400554,,
482,0.997328,0,79.5098,0,8.56E-08,0,0,0,0,0,0,0.948275,0.00710804,0,0.948301,31.8039,0.115795,0.00346926,-0.0004618,0,0.00349986,1.00451,0,0,0,0,0.399572,,
483,0.997379,0,79.5154,0,8.56E-08,0,0,0,0,0,0,0.95096,0.00675,0,0.950984,31.8061,0.120228,0.00345012,-0.000460745,0,0.00348075,1.00453,0,0,0,0,0.398563,,
484,0.997432,0,79.521,0,8.56E-08,0,0,0,0,0,0,0.95356,0.00640218,0,0.953582,31.8084,0.124714,0.00343049,-0.000459569,0,0.00346114,1.00454,0,0,0,0,0.397525,,
485,0.997485,0,79.5267,0,8.56E-08,0,0,0,0,0,0,0.956078,0.00606436,0,0.956097,31.8107,0.129266,0.00341035,-0.000458268,0,0.003441,1.00456,0,0,0,0,0.396456,,
486,0.99754,0,79.5324,0,8.56E-08,0,0,0,0,0,0,0.958515,0.00573636,0,0.958532,31.813,0.133893,0.00338966,-0.000456839,0,0.00342031,1.00458,0,0,0,0,0.395355,,
487,0.997595,0,79.5383,0,8.56E-08,0,0,0,0,0,0,0.960874,0.00541796,0,0.960889,31.8153,0.138607,0.00336839,-0.000455277,0,0.00339901,1.0046,0,0,0,0,0.394218,,
488,0.997653,0,79.5443,0,8.56E-08,0,0,0,0,0,0,0.963157,0.00510898,0,0.96317,31.8177,0.143415,0.00334648,-0.000453577,0,0.00337708,1.00462,0,0,0,0,0.393044,,
489,0.997711,0,79.5505,0,8.56E-08,0,0,0,0,0,0,0.965366,0.0048092,0,0.965378,31.8202,0.148332,0.00332391,-0.000451736,0,0.00335447,1.00464,0,0,0,0,0.391828,,
490,0.997772,0,79.5568,0,8.56E-08,0,0,0,0,0,0,0.967502,0.00451843,0,0.967513,31.8227,0.153365,0.00330062,-0.000449745,0,0.00333112,1.00465,0,0,0,0,0.390569,,
491,0.997835,0,79.5632,0,8.56E-08,0,0,0,0,0,0,0.969569,0.00423645,0,0.969578,31.8253,0.158524,0.00327655,-0.000447598,0,0.00330698,1.00467,0,0,0,0,0.389262,,
492,0.997899,0,79.5699,0,8.56E-08,0,0,0,0,0,0,0.971568,0.00396307,0,0.971576,31.8279,0.163819,0.00325163,-0.000445285,0,0.00328198,1.00469,0,0,0,0,0.387902,,
493,0.997966,0,79.5767,0,8.56E-08,0,0,0,0,0,0,0.9735,0.00369808,0,0.973507,31.8307,0.169257,0.00322578,-0.000442796,0,0.00325603,1.00471,0,0,0,0,0.386483,,
494,0.998035,0,79.5836,0,8.56E-08,0,0,0,0,0,0,0.975369,0.00344128,0,0.975375,31.8335,0.17485,0.00319891,-0.00044012,0,0.00322904,1.00473,0,0,0,0,0.385001,,
495,0.998106,0,79.5908,0,8.56E-08,0,0,0,0,0,0,0.977175,0.00319247,0,0.97718,31.8363,0.180609,0.00317091,-0.000437241,0,0.00320091,1.00475,0,0,0,0,0.383447,,
496,0.99818,0,79.5983,0,8.56E-08,0,0,0,0,0,0,0.978921,0.00295145,0,0.978926,31.8393,0.186549,0.00314169,-0.000434148,0,0.00317154,1.00477,0,0,0,0,0.381815,,
497,0.998257,0,79.6059,0,8.56E-08,0,0,0,0,0,0,0.980609,0.00271801,0,0.980612,31.8424,0.192686,0.00311112,-0.000430822,0,0.0031408,1.00479,0,0,0,0,0.380097,,
498,0.998337,0,79.6139,0,8.56E-08,0,0,0,0,0,0,0.982239,0.00249197,0,0.982242,31.8456,0.19904,0.00307904,-0.000427243,0,0.00310854,1.00481,0,0,0,0,0.37828,,
499,0.998421,0,79.6221,0,8.56E-08,0,0,0,0,0,0,0.983815,0.00227313,0,0.983817,31.8489,0.205636,0.00304521,-0.000423376,0,0.0030745,1.00483,0,0,0,0,0.376348,,
500,0.998508,0,79.6307,0,8.56E-08,0,0,0,0,0,0,0.985337,0.00206129,0,0.985339,31.8523,0.2125,0.00300917,-0.000419158,0,0.00303823,1.00485,0,0,0,0,0.374272,,
501,0.9986,0,79.6397,0,8.56E-08,0,0,0,0,0,0,0.986807,0.00185628,0,0.986809,31.8559,0.219668,0.0029702,-0.000414487,0,0.00299898,1.00487,0,0,0,0,0.372002,,
502,0.998698,0,79.6491,0,8.56E-08,0,0,0,0,0,0,0.988228,0.00165789,0,0.988229,31.8596,0.227179,0.00292731,-0.000409225,0,0.00295578,1.00489,0,0,0,0,0.369473,,
503,0.998801,0,79.6589,0,8.56E-08,0,0,0,0,0,0,0.989599,0.00146596,0,0.9896,31.8636,0.235086,0.00287946,-0.000403225,0,0.00290756,1.00491,0,0,0,0,0.366614,,
504,0.998913,0,79.6694,0,8.57E-08,0,0,0,0,0,0,0.990924,0.00128029,0,0.990925,31.8678,0.243466,0.00282602,-0.000396398,0,0.00285369,1.00493,0,0,0,0,0.363374,,
505,0.999036,0,79.6807,0,8.57E-08,0,0,0,0,0,0,0.992203,0.00110071,0,0.992204,31.8723,0.252472,0.00276765,-0.000388831,0,0.00279483,1.00495,0,0,0,0,0.359786,,
506,0.99917,0,79.693,0,8.57E-08,0,0,0,0,0,0,0.993438,0.000927049,0,0.993439,31.8772,0.262336,0.00270787,-0.000381022,0,0.00273455,1.00497,0,0,0,0,0.356069,,
507,0.999314,0,79.7068,0,8.57E-08,0,0,0,0,0,0,0.994631,0.000759131,0,0.994631,31.8827,0.273403,0.00265629,-0.000374323,0,0.00268254,1.005,0,0,0,0,0.352855,,
508,0.999465,0,79.7228,0,8.57E-08,0,0,0,0,0,0,0.995782,0.000596789,0,0.995782,31.8891,0.286171,0.00263467,-0.000371813,0,0.00266078,1.00504,0,0,0,0,0.351611,,
509,0.999615,0,79.7412,0,8.57E-08,0,0,0,0,0,0,0.996893,0.000439859,0,0.996893,31.8965,0.300901,0.00268235,-0.000379071,0,0.002709,1.00513,0,0,0,0,0.354972,,
510,0.999761,0,79.7619,0,8.57E-08,0,0,0,0,0,0,0.997966,0.000288179,0,0.997966,31.9048,0.317464,0.002842,-0.000402177,0,0.00287031,1.00524,0,0,0,0,0.365581,,
511,0.999931,0,79.7818,0,8.57E-08,0,0,0,0,0,0,0.999001,0.000141592,0,0.999001,31.9127,0.333356,0.00293136,-0.000415207,0,0.00296062,1.00532,0,0,0,0,0.371505,,
