"Time_Iter","Outer_Iter","Inner_Iter",    "rms[Rho]"    ,    "rms[RhoU]"   ,    "rms[RhoV]"   ,    "rms[RhoE]"   ,    "RefForce"    ,       "CD"       ,       "CL"       ,       "CSF"      ,       "CMx"      ,       "CMy"      ,       "CMz"      ,       "CFx"      ,       "CFy"      ,       "CFz"      ,      "CEff"      
          0,           0,           0,      -9.196201334,      -9.194151634,      -9.804179947,      -8.599821327,             0.448,     0.00108193452,     0.08126758818,                 0,                 0,                 0,    -0.03312131557,  -0.0006911660446,     0.08127185097,                 0,       75.11322238
          0,           0,           1,      -9.479258184,      -9.378235045,      -9.345067366,      -8.881934203,             0.448,     0.00108167916,     0.08126751282,                 0,                 0,                 0,    -0.03312133674,  -0.0006914196998,     0.08127177006,                 0,       75.13088524
          0,           0,           2,        -9.3946273,      -9.361333891,      -9.410231329,      -8.804505383,             0.448,    0.001081634094,     0.08126761171,                 0,                 0,                 0,     -0.0331213548,  -0.0006914669119,     0.08127186794,                 0,       75.13410695
          0,           0,           3,      -9.360575426,      -9.384661868,      -9.370214666,      -8.771798039,             0.448,    0.001081635672,     0.08126750892,                 0,                 0,                 0,    -0.03312139703,  -0.0006914630917,     0.08127176521,                 0,       75.13390229
          0,           0,           4,      -9.313346073,      -9.327953672,      -9.335607494,      -8.727588881,             0.448,    0.001081607157,     0.08126735958,                 0,                 0,                 0,    -0.03312143448,  -0.0006914883428,     0.08127161528,                 0,       75.13574506
          0,           0,           5,      -9.294411052,      -9.292395819,      -9.347574665,      -8.711858784,             0.448,    0.001081585982,     0.08126728885,                 0,                 0,                 0,    -0.03312145609,  -0.0006915079692,     0.08127154411,                 0,       75.13715061
          0,           0,           6,       -9.29060008,        -9.3507421,      -9.373364969,      -8.713114734,             0.448,    0.001081574647,     0.08126721759,                 0,                 0,                 0,     -0.0331214854,  -0.0006915177472,     0.08127147262,                 0,       75.13787219
          0,           0,           7,      -9.281882196,      -9.333117193,      -9.365563127,      -8.705711071,             0.448,    0.001081565976,     0.08126712667,                 0,                 0,                 0,    -0.03312151206,  -0.0006915244323,     0.08127138153,                 0,       75.13839048
          0,           0,           8,       -9.27246018,      -9.310658493,       -9.37769744,      -8.697864588,             0.448,     0.00108155645,     0.08126704199,                 0,                 0,                 0,    -0.03312152991,  -0.0006915321092,     0.08127129666,                 0,       75.13897401
          0,           0,           9,      -9.279842582,      -9.356176362,      -9.402189377,       -8.70921932,             0.448,    0.001081546195,     0.08126697521,                 0,                 0,                 0,    -0.03312154031,  -0.0006915409053,     0.08127122968,                 0,       75.13962474
          0,           0,          10,      -9.283719814,      -9.404644272,      -9.434672974,      -8.715917613,             0.448,    0.001081537015,     0.08126691956,                 0,                 0,                 0,    -0.03312154657,  -0.0006915488684,     0.08127117384,                 0,       75.14021102
          0,           0,          11,      -9.289606683,      -9.429044125,      -9.451810471,      -8.724091884,             0.448,    0.001081528856,     0.08126686783,                 0,                 0,                 0,    -0.03312155106,  -0.0006915558975,     0.08127112194,                 0,       75.14073008
          0,           0,          12,      -9.294476245,      -9.444075124,      -9.465631171,      -8.730743976,             0.448,    0.001081520927,     0.08126681867,                 0,                 0,                 0,    -0.03312155438,  -0.0006915627517,     0.08127107262,                 0,       75.14123547
          0,           0,          13,      -9.301064955,      -9.464311573,      -9.481780505,      -8.737639603,             0.448,    0.001081513193,     0.08126677385,                 0,                 0,                 0,    -0.03312155609,  -0.0006915695063,     0.08127102765,                 0,       75.14173138
          0,           0,          14,      -9.311331664,      -9.490456793,      -9.496195832,      -8.746806277,             0.448,     0.00108150603,     0.08126673441,                 0,                 0,                 0,    -0.03312155606,  -0.0006915758074,     0.08127098806,                 0,        75.1421926
          0,           0,          15,      -9.320652483,      -9.513927959,      -9.511672789,      -8.754800531,             0.448,    0.001081499643,     0.08126669942,                 0,                 0,                 0,    -0.03312155505,  -0.0006915814297,     0.08127095293,                 0,       75.14260403
          0,           0,          16,      -9.328239617,      -9.528248588,      -9.530448154,      -8.762224844,             0.448,    0.001081493973,     0.08126666758,                 0,                 0,                 0,    -0.03312155377,  -0.0006915864037,     0.08127092098,                 0,       75.14296853
          0,           0,          17,      -9.336519284,      -9.532874373,      -9.551475877,      -8.771604739,             0.448,    0.001081488878,     0.08126663835,                 0,                 0,                 0,    -0.03312155239,  -0.0006915908604,     0.08127089165,                 0,       75.14329555
          0,           0,          18,      -9.347208084,      -9.531539457,       -9.57433076,       -8.78380342,             0.448,    0.001081484291,     0.08126661165,                 0,                 0,                 0,    -0.03312155083,   -0.000691594863,     0.08127086485,                 0,       75.14358952
          0,           0,          19,      -9.360723189,      -9.529635906,      -9.600234264,      -8.798528843,             0.448,    0.001081480255,     0.08126658727,                 0,                 0,                 0,    -0.03312154911,  -0.0006915983668,     0.08127084039,                 0,       75.14384744
          0,           0,          20,      -9.376521585,      -9.531699945,      -9.630251241,      -8.815098259,             0.448,     0.00108147686,     0.08126656487,                 0,                 0,                 0,    -0.03312154736,  -0.0006916012725,     0.08127081792,                 0,       75.14406263
          0,           0,          21,      -9.393652569,      -9.539812677,      -9.663754986,      -8.832777116,             0.448,    0.001081474195,     0.08126654406,                 0,                 0,                 0,    -0.03312154571,  -0.0006916034821,     0.08127079706,                 0,       75.14422851
          0,           0,          22,      -9.411226263,      -9.553496578,      -9.698133164,      -8.850859515,             0.448,    0.001081472332,     0.08126652452,                 0,                 0,                 0,    -0.03312154425,  -0.0006916049183,     0.08127077748,                 0,       75.14433989
          0,           0,          23,      -9.428626291,      -9.570804567,      -9.729957687,      -8.868697797,             0.448,     0.00108147132,     0.08126650601,                 0,                 0,                 0,    -0.03312154305,  -0.0006916055268,     0.08127075896,                 0,       75.14439312
          0,           0,          24,      -9.445575431,      -9.589769564,      -9.756830404,      -8.885866378,             0.448,    0.001081471179,     0.08126648837,                 0,                 0,                 0,     -0.0331215422,  -0.0006916052827,     0.08127074131,                 0,       75.14438659
          0,           0,          25,      -9.462079847,      -9.609389659,      -9.778472311,      -8.902295166,             0.448,    0.001081471892,     0.08126647139,                 0,                 0,                 0,    -0.03312154177,  -0.0006916041994,     0.08127072435,                 0,       75.14432135
          0,           0,          26,      -9.478277405,      -9.629876148,      -9.796529725,      -8.918206231,             0.448,    0.001081473399,     0.08126645489,                 0,                 0,                 0,    -0.03312154182,  -0.0006916023327,     0.08127070789,                 0,       75.14420137
          0,           0,          27,      -9.494321363,      -9.652314249,      -9.813688771,      -8.933953569,             0.448,    0.001081475602,     0.08126643872,                 0,                 0,                 0,    -0.03312154238,  -0.0006915997782,     0.08127069177,                 0,        75.1440334
          0,           0,          28,      -9.510353318,       -9.67802383,      -9.832736152,      -8.949893938,             0.448,    0.001081478367,     0.08126642272,                 0,                 0,                 0,    -0.03312154343,  -0.0006915966645,     0.08127067584,                 0,       75.14382645
          0,           0,          29,      -9.526508187,      -9.707977219,      -9.855716531,      -8.966302078,             0.448,    0.001081481542,     0.08126640679,                 0,                 0,                 0,    -0.03312154493,   -0.000691593143,     0.08127065998,                 0,       75.14359114
          0,           0,          30,      -9.542907926,      -9.742454606,      -9.883288792,      -8.983317461,             0.448,    0.001081484961,     0.08126639082,                 0,                 0,                 0,    -0.03312154684,   -0.000691589376,     0.08127064409,                 0,       75.14333879
          0,           0,          31,      -9.559636622,      -9.780864801,      -9.914491611,      -9.000920041,             0.448,    0.001081488465,     0.08126637474,                 0,                 0,                 0,    -0.03312154908,  -0.0006915855217,     0.08127062809,                 0,       75.14308043
          0,           0,          32,      -9.576703458,      -9.821668076,      -9.947029077,         -9.018937,             0.448,    0.001081491911,     0.08126635851,                 0,                 0,                 0,    -0.03312155158,  -0.0006915817227,     0.08127061194,                 0,       75.14282601
          0,           0,          33,      -9.594021114,      -9.862545846,      -9.978070398,      -9.037093099,             0.448,    0.001081495176,     0.08126634209,                 0,                 0,                 0,    -0.03312155428,  -0.0006915781005,      0.0812705956,                 0,       75.14258399
          0,           0,          34,       -9.61143029,      -9.901034488,      -10.00539468,      -9.055106208,             0.448,    0.001081498158,     0.08126632548,                 0,                 0,                 0,    -0.03312155708,  -0.0006915747572,     0.08127057905,                 0,       75.14236146
          0,           0,          35,      -9.628761527,      -9.935507342,      -10.02835794,      -9.072787149,             0.448,    0.001081500772,     0.08126630872,                 0,                 0,                 0,    -0.03312155991,  -0.0006915717782,     0.08127056235,                 0,       75.14216435
          0,           0,          36,      -9.645894506,      -9.965896429,      -10.04802611,      -9.090088793,             0.448,    0.001081502951,     0.08126629186,                 0,                 0,                 0,     -0.0331215627,   -0.000691569232,     0.08127054555,                 0,       75.14199737
          0,           0,          37,      -9.662788393,      -9.993579675,      -10.06640057,        -9.1070899,             0.448,    0.001081504648,     0.08126627501,                 0,                 0,                 0,    -0.03312156538,  -0.0006915671673,     0.08127052874,                 0,       75.14186384
          0,           0,          38,      -9.679483212,      -10.02058061,      -10.08538009,      -9.123943032,             0.448,    0.001081505842,      0.0812662583,                 0,                 0,                 0,    -0.03312156787,  -0.0006915656091,     0.08127051205,                 0,       75.14176544
          0,           0,          39,      -9.696081854,      -10.04871965,      -10.10608093,       -9.14082038,             0.448,    0.001081506535,     0.08126624184,                 0,                 0,                 0,    -0.03312157012,  -0.0006915645571,     0.08127049562,                 0,       75.14170206
          0,           0,          40,      -9.712719555,      -10.07914499,      -10.12865353,      -9.157872641,             0.448,    0.001081506755,      0.0812662258,                 0,                 0,                 0,    -0.03312157209,  -0.0006915639868,     0.08127047958,                 0,       75.14167192
          0,           0,          41,       -9.72952709,      -10.11224534,      -10.15244773,      -9.175201733,             0.448,    0.001081506551,     0.08126621029,                 0,                 0,                 0,    -0.03312157375,  -0.0006915638526,     0.08127046407,                 0,       75.14167176
          0,           0,          42,      -9.746595732,      -10.14776618,       -10.1763774,      -9.192844782,             0.448,    0.001081505987,     0.08126619544,                 0,                 0,                 0,    -0.03312157507,  -0.0006915640927,     0.08127044921,                 0,       75.14169723
          0,           0,          43,      -9.763951045,      -10.18497895,      -10.19936382,      -9.210766384,             0.448,    0.001081505137,     0.08126618135,                 0,                 0,                 0,    -0.03312157605,  -0.0006915646348,     0.08127043511,                 0,       75.14174323
          0,           0,          44,      -9.781539729,      -10.22282367,      -10.22071995,      -9.228857897,             0.448,    0.001081504081,     0.08126616809,                 0,                 0,                 0,     -0.0331215767,  -0.0006915654014,     0.08127042183,                 0,       75.14180435
          0,           0,          45,       -9.79923147,       -10.2600179,      -10.24032665,      -9.246945834,             0.448,    0.001081502898,     0.08126615573,                 0,                 0,                 0,    -0.03312157702,  -0.0006915663151,     0.08127040945,                 0,       75.14187516
          0,           0,          46,       -9.81683703,      -10.29520001,      -10.25854963,      -9.264813262,             0.448,    0.001081501661,     0.08126614429,                 0,                 0,                 0,    -0.03312157706,   -0.000691567302,     0.08127039799,                 0,       75.14195051
          0,           0,          47,      -9.834141827,       -10.3271754,       -10.2759887,      -9.282235889,             0.448,    0.001081500438,     0.08126613379,                 0,                 0,                 0,    -0.03312157682,  -0.0006915682953,     0.08127038746,                 0,       75.14202575
          0,           0,          48,      -9.850950011,       -10.3552394,      -10.29321826,      -9.299027775,             0.448,    0.001081499287,     0.08126612421,                 0,                 0,                 0,    -0.03312157636,  -0.0006915692372,     0.08127037785,                 0,       75.14209688
          0,           0,          49,      -9.867129988,      -10.37941418,      -10.31062056,      -9.315086304,             0.448,    0.001081498255,     0.08126611553,                 0,                 0,                 0,    -0.03312157571,  -0.0006915700802,     0.08127036915,                 0,        75.1421606
          0,           0,          50,       -9.88264837,      -10.40042427,      -10.32833429,      -9.330421335,             0.448,    0.001081497376,     0.08126610772,                 0,                 0,                 0,    -0.03312157491,  -0.0006915707883,     0.08127036132,                 0,       75.14221443
          0,           0,          51,      -9.897582598,      -10.41941332,      -10.34628693,      -9.345159503,             0.448,    0.001081496674,     0.08126610072,                 0,                 0,                 0,    -0.03312157401,  -0.0006915713372,     0.08127035431,                 0,       75.14225671
          0,           0,          52,      -9.912109246,      -10.43757274,      -10.36427477,      -9.359522975,             0.448,    0.001081496161,     0.08126609448,                 0,                 0,                 0,    -0.03312157304,  -0.0006915717145,     0.08127034806,                 0,       75.14228662
          0,           0,          53,      -9.926472926,        -10.455866,      -10.38206087,      -9.373790889,             0.448,    0.001081495835,     0.08126608893,                 0,                 0,                 0,    -0.03312157205,   -0.000691571919,     0.08127034251,                 0,       75.14230412
          0,           0,          54,      -9.940945573,       -10.4749076,      -10.39946524,      -9.388255097,             0.448,    0.001081495687,     0.08126608399,                 0,                 0,                 0,    -0.03312157109,  -0.0006915719594,     0.08127033757,                 0,       75.14230985
          0,           0,          55,      -9.955786275,      -10.49496843,      -10.41642491,      -9.403180031,             0.448,    0.001081495697,     0.08126607958,                 0,                 0,                 0,    -0.03312157018,  -0.0006915718526,     0.08127033316,                 0,       75.14230503
          0,           0,          56,       -9.97120878,      -10.51604866,      -10.43301258,      -9.418772512,             0.448,    0.001081495843,     0.08126607563,                 0,                 0,                 0,    -0.03312156935,  -0.0006915716212,     0.08127032921,                 0,       75.14229129
          0,           0,          57,       -9.98735969,      -10.53797368,      -10.44941483,      -9.435163247,             0.448,    0.001081496094,     0.08126607205,                 0,                 0,                 0,    -0.03312156863,  -0.0006915712916,     0.08127032564,                 0,       75.14227049
          0,           0,          58,       -10.0043074,      -10.56048925,        -10.465885,      -9.452399107,             0.448,    0.001081496423,     0.08126606878,                 0,                 0,                 0,    -0.03312156804,  -0.0006915708914,     0.08127032237,                 0,       75.14224462
          0,           0,          59,       -10.0220399,      -10.58334518,      -10.48269123,       -9.47044405,             0.448,      0.0010814968,     0.08126606573,                 0,                 0,                 0,    -0.03312156758,  -0.0006915704477,     0.08127031933,                 0,       75.14221559
          0,           0,          60,      -10.04046965,      -10.60636008,      -10.50007474,      -9.489186437,             0.448,    0.001081497199,     0.08126606284,                 0,                 0,                 0,    -0.03312156727,  -0.0006915699857,     0.08127031646,                 0,       75.14218519
          0,           0,          61,      -10.05944423,      -10.62945486,      -10.51822422,      -9.508451835,             0.448,    0.001081497597,     0.08126606008,                 0,                 0,                 0,    -0.03312156709,  -0.0006915695278,      0.0812703137,                 0,         75.142155
          0,           0,          62,      -10.07876201,      -10.65265103,       -10.5372644,      -9.528019914,             0.448,    0.001081497974,     0.08126605738,                 0,                 0,                 0,    -0.03312156706,  -0.0006915690925,     0.08127031101,                 0,       75.14212635
          0,           0,          63,      -10.09819179,      -10.67602958,      -10.55725096,      -9.547645207,             0.448,    0.001081498313,     0.08126605471,                 0,                 0,                 0,    -0.03312156715,  -0.0006915686949,     0.08127030835,                 0,       75.14210029
          0,           0,          64,      -10.11749553,      -10.69966889,      -10.57816747,      -9.567080203,             0.448,    0.001081498604,     0.08126605205,                 0,                 0,                 0,    -0.03312156737,  -0.0006915683459,      0.0812703057,                 0,       75.14207761
          0,           0,          65,      -10.13645229,      -10.72358083,      -10.59991981,      -9.586099629,             0.448,    0.001081498839,     0.08126604937,                 0,                 0,                 0,    -0.03312156769,  -0.0006915680527,     0.08127030303,                 0,       75.14205882
          0,           0,          66,      -10.15488079,      -10.74766555,      -10.62233004,      -9.604522961,             0.448,    0.001081499014,     0.08126604666,                 0,                 0,                 0,    -0.03312156811,   -0.000691567819,     0.08127030032,                 0,       75.14204418
          0,           0,          67,       -10.1726576,      -10.77169788,      -10.64513249,      -9.622232405,             0.448,    0.001081499128,     0.08126604392,                 0,                 0,                 0,     -0.0331215686,  -0.0006915676451,     0.08127029758,                 0,       75.14203371
          0,           0,          68,      -10.18972797,      -10.79535489,      -10.66797487,      -9.639183159,             0.448,    0.001081499183,     0.08126604114,                 0,                 0,                 0,    -0.03312156915,  -0.0006915675287,      0.0812702948,                 0,       75.14202727
          0,           0,          69,      -10.20610769,      -10.81827248,      -10.69043253,      -9.655404018,             0.448,    0.001081499186,     0.08126603832,                 0,                 0,                 0,    -0.03312156975,  -0.0006915674652,     0.08127029199,                 0,       75.14202452
          0,           0,          70,      -10.22187554,      -10.84011798,      -10.71203882,      -9.670988324,             0.448,    0.001081499141,     0.08126603548,                 0,                 0,                 0,    -0.03312157037,  -0.0006915674481,     0.08127028915,                 0,       75.14202502
          0,           0,          71,      -10.23715846,      -10.86066504,        -10.732335,      -9.686077068,             0.448,    0.001081499057,     0.08126603263,                 0,                 0,                 0,    -0.03312157101,  -0.0006915674698,     0.08127028629,                 0,       75.14202821
          0,           0,          72,      -10.25211221,       -10.8798389,      -10.75093605,      -9.700837748,             0.448,    0.001081498942,     0.08126602977,                 0,                 0,                 0,    -0.03312157164,  -0.0006915675219,     0.08127028343,                 0,       75.14203352
          0,           0,          73,      -10.26690146,      -10.89772914,      -10.76760008,      -9.715443098,             0.448,    0.001081498806,     0.08126602693,                 0,                 0,                 0,    -0.03312157225,  -0.0006915675957,     0.08127028059,                 0,       75.14204033
          0,           0,          74,      -10.28168206,      -10.91456428,       -10.7822812,      -9.730052751,             0.448,    0.001081498658,     0.08126602412,                 0,                 0,                 0,    -0.03312157284,  -0.0006915676826,     0.08127027777,                 0,       75.14204803
          0,           0,          75,      -10.29658732,      -10.93065993,      -10.79514872,      -9.744799845,             0.448,    0.001081498506,     0.08126602136,                 0,                 0,                 0,    -0.03312157339,  -0.0006915677747,     0.08127027501,                 0,       75.14205607
          0,           0,          76,      -10.31171954,      -10.94636071,      -10.80656519,      -9.759783393,             0.448,    0.001081498357,     0.08126601866,                 0,                 0,                 0,     -0.0331215739,   -0.000691567865,     0.08127027231,                 0,       75.14206394
          0,           0,          77,      -10.32714588,      -10.96198408,      -10.81703038,      -9.775065443,             0.448,    0.001081498217,     0.08126601604,                 0,                 0,                 0,    -0.03312157435,  -0.0006915679474,     0.08127026969,                 0,       75.14207121
          0,           0,          78,      -10.34289821,      -10.97778686,      -10.82711031,       -9.79067248,             0.448,    0.001081498092,     0.08126601352,                 0,                 0,                 0,    -0.03312157475,  -0.0006915680173,     0.08127026717,                 0,       75.14207756
          0,           0,          79,      -10.35897603,       -10.9939417,      -10.83737036,      -9.806599615,             0.448,    0.001081497985,     0.08126601111,                 0,                 0,                 0,     -0.0331215751,  -0.0006915680717,     0.08127026475,                 0,       75.14208277
          0,           0,          80,      -10.37535135,       -11.0105395,       -10.8483235,      -9.822816551,             0.448,    0.001081497898,     0.08126600881,                 0,                 0,                 0,     -0.0331215754,  -0.0006915681085,     0.08127026245,                 0,       75.14208668
          0,           0,          81,      -10.39197521,       -11.0275956,      -10.86039817,      -9.839274718,             0.448,    0.001081497832,     0.08126600663,                 0,                 0,                 0,    -0.03312157564,   -0.000691568127,     0.08127026027,                 0,       75.14208926
          0,           0,          82,      -10.40878464,      -11.04507074,      -10.87392108,      -9.855914537,             0.448,    0.001081497786,     0.08126600457,                 0,                 0,                 0,    -0.03312157583,  -0.0006915681277,     0.08127025822,                 0,       75.14209053
          0,           0,          83,      -10.42570971,      -11.06288433,      -10.88911194,      -9.872672323,             0.448,     0.00108149776,     0.08126600264,                 0,                 0,                 0,    -0.03312157597,  -0.0006915681117,     0.08127025628,                 0,       75.14209055
          0,           0,          84,      -10.44267954,      -11.08093812,      -10.90608422,      -9.889485692,             0.448,    0.001081497752,     0.08126600083,                 0,                 0,                 0,    -0.03312157608,  -0.0006915680807,     0.08127025448,                 0,       75.14208947
          0,           0,          85,      -10.45962756,      -11.09912653,      -10.92484996,      -9.906297987,             0.448,    0.001081497759,     0.08126599915,                 0,                 0,                 0,    -0.03312157615,  -0.0006915680369,     0.08127025279,                 0,       75.14208742
          0,           0,          86,      -10.47649501,      -11.11735058,      -10.94532474,      -9.923060537,             0.448,    0.001081497779,     0.08126599757,                 0,                 0,                 0,    -0.03312157618,  -0.0006915679828,     0.08127025122,                 0,       75.14208459
          0,           0,          87,      -10.49323322,      -11.13552248,      -10.96733496,      -9.939733799,             0.448,    0.001081497809,     0.08126599611,                 0,                 0,                 0,     -0.0331215762,  -0.0006915679209,     0.08127024976,                 0,       75.14208116
          0,           0,          88,      -10.50980446,      -11.15357185,       -10.9906241,      -9.956287179,             0.448,    0.001081497846,     0.08126599475,                 0,                 0,                 0,    -0.03312157619,  -0.0006915678537,      0.0812702484,                 0,       75.14207729
          0,           0,          89,      -10.52618171,      -11.17143981,      -11.01486295,      -9.972698185,             0.448,    0.001081497889,     0.08126599349,                 0,                 0,                 0,    -0.03312157616,  -0.0006915677835,     0.08127024713,                 0,       75.14207316
          0,           0,          90,      -10.54234772,      -11.18907876,      -11.03966369,      -9.988951176,             0.448,    0.001081497934,     0.08126599231,                 0,                 0,                 0,    -0.03312157613,  -0.0006915677124,     0.08127024596,                 0,       75.14206891
          0,           0,          91,      -10.55829363,      -11.20643917,      -11.06460143,      -10.00503618,             0.448,    0.001081497981,     0.08126599122,                 0,                 0,                 0,    -0.03312157608,  -0.0006915676421,     0.08127024487,                 0,       75.14206467
          0,           0,          92,      -10.57401747,      -11.22347809,      -11.08924287,      -10.02094779,             0.448,    0.001081498027,      0.0812659902,                 0,                 0,                 0,    -0.03312157604,   -0.000691567574,     0.08127024385,                 0,       75.14206055
          0,           0,          93,      -10.58952274,      -11.24014859,      -11.11318106,      -10.03668436,             0.448,    0.001081498071,     0.08126598925,                 0,                 0,                 0,    -0.03312157599,  -0.0006915675093,      0.0812702429,                 0,       75.14205661
          0,           0,          94,      -10.60481713,      -11.25641358,      -11.13607333,       -10.0522473,             0.448,    0.001081498112,     0.08126598836,                 0,                 0,                 0,    -0.03312157594,  -0.0006915674488,     0.08127024201,                 0,       75.14205293
          0,           0,          95,      -10.61991122,      -11.27225185,      -11.15767159,      -10.06764037,             0.448,     0.00108149815,     0.08126598753,                 0,                 0,                 0,    -0.03312157589,  -0.0006915673928,     0.08127024118,                 0,       75.14204954
          0,           0,          96,      -10.63481721,      -11.28767225,      -11.17784321,      -10.08286872,             0.448,    0.001081498184,     0.08126598674,                 0,                 0,                 0,    -0.03312157584,  -0.0006915673417,      0.0812702404,                 0,       75.14204644
          0,           0,          97,        -10.649548,       -11.3027079,      -11.19657241,      -10.09793809,             0.448,    0.001081498214,     0.08126598601,                 0,                 0,                 0,     -0.0331215758,  -0.0006915672952,     0.08127023966,                 0,       75.14204365
          0,           0,          98,      -10.66411588,      -11.31743479,      -11.21394504,      -10.11285349,             0.448,    0.001081498241,     0.08126598531,                 0,                 0,                 0,    -0.03312157576,  -0.0006915672534,     0.08127023897,                 0,       75.14204115
          0,           0,          99,      -10.67853157,      -11.33195407,       -11.2301194,      -10.12761826,             0.448,    0.001081498264,     0.08126598466,                 0,                 0,                 0,    -0.03312157572,  -0.0006915672158,     0.08127023832,                 0,       75.14203892
          0,           0,         100,      -10.69280385,      -11.34638593,      -11.24529263,      -10.14223326,             0.448,    0.001081498285,     0.08126598405,                 0,                 0,                 0,    -0.03312157569,   -0.000691567182,     0.08127023771,                 0,       75.14203694
          0,           0,         101,       -10.7069391,      -11.36085993,      -11.25966757,      -10.15669666,             0.448,    0.001081498302,     0.08126598347,                 0,                 0,                 0,    -0.03312157566,  -0.0006915671516,     0.08127023713,                 0,       75.14203516
          0,           0,         102,      -10.72094158,      -11.37549801,      -11.27342843,      -10.17100406,             0.448,    0.001081498318,     0.08126598293,                 0,                 0,                 0,    -0.03312157563,  -0.0006915671241,     0.08127023659,                 0,       75.14203358
          0,           0,         103,      -10.73481427,      -11.39040076,      -11.28672637,      -10.18514963,             0.448,    0.001081498332,     0.08126598243,                 0,                 0,                 0,     -0.0331215756,  -0.0006915670992,     0.08127023609,                 0,       75.14203214
          0,           0,         104,      -10.74855945,       -11.4056454,      -11.29967398,      -10.19912724,             0.448,    0.001081498345,     0.08126598196,                 0,                 0,                 0,    -0.03312157557,  -0.0006915670764,     0.08127023562,                 0,       75.14203084
          0,           0,         105,      -10.76218007,      -11.42127015,      -11.31234963,      -10.21293215,             0.448,    0.001081498356,     0.08126598152,                 0,                 0,                 0,    -0.03312157554,  -0.0006915670555,     0.08127023518,                 0,       75.14202964
          0,           0,         106,      -10.77568068,      -11.43728158,      -11.32480435,      -10.22656264,             0.448,    0.001081498367,     0.08126598112,                 0,                 0,                 0,    -0.03312157551,  -0.0006915670362,     0.08127023478,                 0,       75.14202854
          0,           0,         107,      -10.78906829,      -11.45365048,      -11.33707355,       -10.2400216,             0.448,    0.001081498376,     0.08126598075,                 0,                 0,                 0,    -0.03312157548,  -0.0006915670183,     0.08127023441,                 0,       75.14202751
          0,           0,         108,      -10.80235276,      -11.47031851,      -11.34918646,      -10.25331712,             0.448,    0.001081498386,     0.08126598042,                 0,                 0,                 0,    -0.03312157544,  -0.0006915670016,     0.08127023408,                 0,       75.14202655
          0,           0,         109,       -10.8155468,      -11.48720708,      -11.36117347,      -10.26646286,             0.448,    0.001081498395,     0.08126598012,                 0,                 0,                 0,     -0.0331215754,   -0.000691566986,     0.08127023378,                 0,       75.14202564
          0,           0,         110,      -10.82866562,       -11.5042243,      -11.37307092,      -10.27947778,             0.448,    0.001081498403,     0.08126597985,                 0,                 0,                 0,    -0.03312157536,  -0.0006915669715,     0.08127023351,                 0,        75.1420248
          0,           0,         111,      -10.84172608,      -11.52127358,      -11.38492203,      -10.29238487,             0.448,    0.001081498412,     0.08126597962,                 0,                 0,                 0,    -0.03312157531,  -0.0006915669581,     0.08127023328,                 0,         75.142024
          0,           0,         112,      -10.85474572,      -11.53825982,      -11.39677479,      -10.30520997,             0.448,     0.00108149842,     0.08126597941,                 0,                 0,                 0,    -0.03312157526,  -0.0006915669458,     0.08127023308,                 0,       75.14202327
          0,           0,         113,       -10.8677415,      -11.55510627,      -11.40867895,      -10.31797969,             0.448,    0.001081498427,     0.08126597924,                 0,                 0,                 0,    -0.03312157521,  -0.0006915669346,     0.08127023291,                 0,       75.14202259
          0,           0,         114,      -10.88072896,      -11.57174898,      -11.42068048,      -10.33072016,             0.448,    0.001081498434,      0.0812659791,                 0,                 0,                 0,    -0.03312157515,  -0.0006915669245,     0.08127023277,                 0,       75.14202197
          0,           0,         115,      -10.89372131,      -11.58814497,       -11.4328189,      -10.34345523,             0.448,    0.001081498441,     0.08126597899,                 0,                 0,                 0,    -0.03312157509,  -0.0006915669155,     0.08127023266,                 0,       75.14202141
          0,           0,         116,      -10.90672906,      -11.60426865,      -11.44512231,       -10.3562057,             0.448,    0.001081498447,     0.08126597891,                 0,                 0,                 0,    -0.03312157503,  -0.0006915669077,     0.08127023257,                 0,       75.14202091
          0,           0,         117,      -10.91975957,       -11.6201192,      -11.45760665,      -10.36898832,             0.448,    0.001081498452,     0.08126597886,                 0,                 0,                 0,    -0.03312157496,   -0.000691566901,     0.08127023252,                 0,       75.14202048
          0,           0,         118,      -10.93281766,      -11.63570864,      -11.47027358,      -10.38181605,             0.448,    0.001081498457,     0.08126597883,                 0,                 0,                 0,    -0.03312157489,  -0.0006915668954,     0.08127023249,                 0,       75.14202011
          0,           0,         119,      -10.94590564,      -11.65106034,      -11.48311252,      -10.39469793,             0.448,    0.001081498462,     0.08126597882,                 0,                 0,                 0,    -0.03312157483,  -0.0006915668908,     0.08127023249,                 0,        75.1420198
          0,           0,         120,      -10.95902421,      -11.66621426,      -11.49610164,      -10.40763979,             0.448,    0.001081498466,     0.08126597884,                 0,                 0,                 0,    -0.03312157476,  -0.0006915668873,      0.0812702325,                 0,       75.14201954
          0,           0,         121,      -10.97217312,      -11.68121107,      -11.50921023,      -10.42064509,             0.448,    0.001081498469,     0.08126597888,                 0,                 0,                 0,    -0.03312157469,  -0.0006915668848,     0.08127023254,                 0,       75.14201934
          0,           0,         122,      -10.98535163,      -11.69609721,      -11.52240206,      -10.43371534,             0.448,    0.001081498472,     0.08126597894,                 0,                 0,                 0,    -0.03312157462,  -0.0006915668831,      0.0812702326,                 0,       75.14201919
          0,           0,         123,      -10.99855929,      -11.71092243,      -11.53563817,      -10.44685112,             0.448,    0.001081498475,     0.08126597902,                 0,                 0,                 0,    -0.03312157455,  -0.0006915668823,     0.08127023268,                 0,       75.14201909
          0,           0,         124,      -11.01179613,      -11.72573397,      -11.54888012,      -10.46005243,             0.448,    0.001081498477,     0.08126597911,                 0,                 0,                 0,    -0.03312157448,  -0.0006915668821,     0.08127023277,                 0,       75.14201902
          0,           0,         125,      -11.02506292,      -11.74058258,        -11.562092,      -10.47331915,             0.448,    0.001081498479,     0.08126597922,                 0,                 0,                 0,    -0.03312157441,  -0.0006915668826,     0.08127023288,                 0,       75.14201899
          0,           0,         126,      -11.03836112,      -11.75551186,      -11.57524278,      -10.48665115,             0.448,     0.00108149848,     0.08126597934,                 0,                 0,                 0,    -0.03312157434,  -0.0006915668835,     0.08127023301,                 0,       75.14201898
          0,           0,         127,      -11.05169262,      -11.77056743,      -11.58830702,      -10.50004834,             0.448,    0.001081498482,     0.08126597948,                 0,                 0,                 0,    -0.03312157427,  -0.0006915668849,     0.08127023314,                 0,       75.14201899
          0,           0,         128,      -11.06505939,       -11.7857817,      -11.60126596,      -10.51351032,             0.448,    0.001081498484,     0.08126597963,                 0,                 0,                 0,    -0.03312157421,  -0.0006915668866,     0.08127023329,                 0,       75.14201902
          0,           0,         129,      -11.07846339,      -11.80118532,      -11.61410778,      -10.52703638,             0.448,    0.001081498485,     0.08126597979,                 0,                 0,                 0,    -0.03312157414,  -0.0006915668886,     0.08127023345,                 0,       75.14201907
          0,           0,         130,      -11.09190573,      -11.81679924,      -11.62682589,      -10.54062488,             0.448,    0.001081498487,     0.08126597996,                 0,                 0,                 0,    -0.03312157408,  -0.0006915668908,     0.08127023362,                 0,       75.14201912
          0,           0,         131,      -11.10538649,      -11.83263256,      -11.63942096,      -10.55427303,             0.448,    0.001081498488,     0.08126598014,                 0,                 0,                 0,    -0.03312157401,  -0.0006915668932,      0.0812702338,                 0,       75.14201918
          0,           0,         132,      -11.11890435,      -11.84868111,      -11.65189772,      -10.56797643,             0.448,     0.00108149849,     0.08126598033,                 0,                 0,                 0,    -0.03312157395,  -0.0006915668957,     0.08127023399,                 0,       75.14201924
          0,           0,         133,      -11.13245589,      -11.86492921,      -11.66426488,      -10.58172859,             0.448,    0.001081498491,     0.08126598052,                 0,                 0,                 0,    -0.03312157389,  -0.0006915668983,     0.08127023418,                 0,       75.14201931
          0,           0,         134,      -11.14603567,       -11.8813488,      -11.67653549,      -10.59552092,             0.448,    0.001081498493,     0.08126598072,                 0,                 0,                 0,    -0.03312157382,   -0.000691566901,     0.08127023438,                 0,       75.14201938
          0,           0,         135,      -11.15963581,      -11.89790063,      -11.68872569,      -10.60934216,             0.448,    0.001081498495,     0.08126598093,                 0,                 0,                 0,    -0.03312157376,  -0.0006915669037,     0.08127023459,                 0,       75.14201945
          0,           0,         136,      -11.17324566,      -11.91453757,      -11.70085153,      -10.62317827,             0.448,    0.001081498497,     0.08126598114,                 0,                 0,                 0,     -0.0331215737,  -0.0006915669066,     0.08127023481,                 0,       75.14201952
          0,           0,         137,      -11.18685207,      -11.93119967,      -11.71293264,      -10.63701268,             0.448,    0.001081498498,     0.08126598136,                 0,                 0,                 0,    -0.03312157364,  -0.0006915669096,     0.08127023502,                 0,        75.1420196
          0,           0,         138,      -11.20043887,      -11.94783633,      -11.72498637,      -10.65082567,             0.448,      0.0010814985,     0.08126598158,                 0,                 0,                 0,    -0.03312157358,  -0.0006915669127,     0.08127023525,                 0,       75.14201968
          0,           0,         139,      -11.21398788,      -11.96438128,      -11.73703208,      -10.66459557,             0.448,    0.001081498502,     0.08126598181,                 0,                 0,                 0,    -0.03312157353,  -0.0006915669159,     0.08127023547,                 0,       75.14201977
          0,           0,         140,      -11.22747852,      -11.98077629,       -11.7490866,      -10.67829836,             0.448,    0.001081498504,     0.08126598204,                 0,                 0,                 0,    -0.03312157347,  -0.0006915669192,      0.0812702357,                 0,       75.14201986
          0,           0,         141,      -11.24088829,      -11.99698409,      -11.76116273,      -10.69190835,             0.448,    0.001081498505,     0.08126598227,                 0,                 0,                 0,    -0.03312157341,  -0.0006915669226,     0.08127023593,                 0,       75.14201996
          0,           0,         142,      -11.25419422,      -12.01295102,      -11.77327245,      -10.70539957,             0.448,    0.001081498507,     0.08126598251,                 0,                 0,                 0,    -0.03312157336,  -0.0006915669262,     0.08127023617,                 0,       75.14202007
          0,           0,         143,      -11.26737255,      -12.02865717,      -11.78542175,      -10.71874537,             0.448,    0.001081498508,     0.08126598274,                 0,                 0,                 0,    -0.03312157331,  -0.0006915669299,      0.0812702364,                 0,       75.14202019
          0,           0,         144,      -11.28040046,      -12.04408018,      -11.79761414,      -10.73192064,             0.448,    0.001081498509,     0.08126598297,                 0,                 0,                 0,    -0.03312157326,  -0.0006915669337,     0.08127023664,                 0,       75.14202032
          0,           0,         145,      -11.29325642,      -12.05922621,       -11.8098442,      -10.74490182,             0.448,    0.001081498511,     0.08126598321,                 0,                 0,                 0,    -0.03312157321,  -0.0006915669376,     0.08127023687,                 0,       75.14202045
          0,           0,         146,      -11.30592175,       -12.0740955,      -11.82210363,      -10.75766874,             0.448,    0.001081498512,     0.08126598344,                 0,                 0,                 0,    -0.03312157316,  -0.0006915669416,     0.08127023711,                 0,       75.14202059
          0,           0,         147,      -11.31838125,      -12.08870181,      -11.83437939,      -10.77020519,             0.448,    0.001081498513,     0.08126598368,                 0,                 0,                 0,    -0.03312157311,  -0.0006915669457,     0.08127023734,                 0,       75.14202074
          0,           0,         148,      -11.33062373,      -12.10308748,      -11.84665174,      -10.78249948,             0.448,    0.001081498514,     0.08126598391,                 0,                 0,                 0,    -0.03312157307,  -0.0006915669499,     0.08127023757,                 0,       75.14202089
          0,           0,         149,      -11.34264357,      -12.11726225,       -11.8588998,      -10.79454622,             0.448,    0.001081498514,     0.08126598413,                 0,                 0,                 0,    -0.03312157302,  -0.0006915669541,      0.0812702378,                 0,       75.14202105
          0,           0,         150,      -11.35444001,      -12.13129313,      -11.87109571,       -10.8063451,             0.448,    0.001081498515,     0.08126598436,                 0,                 0,                 0,    -0.03312157298,  -0.0006915669583,     0.08127023802,                 0,       75.14202121
          0,           0,         151,      -11.36601839,      -12.14519537,       -11.8832173,      -10.81790282,             0.448,    0.001081498516,     0.08126598458,                 0,                 0,                 0,    -0.03312157294,  -0.0006915669625,     0.08127023824,                 0,       75.14202138
          0,           0,         152,      -11.37738954,      -12.15901882,      -11.89524135,      -10.82923166,             0.448,    0.001081498516,     0.08126598479,                 0,                 0,                 0,    -0.03312157291,  -0.0006915669667,     0.08127023846,                 0,       75.14202154
          0,           0,         153,      -11.38856923,      -12.17279979,      -11.90714522,       -10.8403494,             0.448,    0.001081498517,     0.08126598501,                 0,                 0,                 0,    -0.03312157287,  -0.0006915669709,     0.08127023867,                 0,        75.1420217
          0,           0,         154,      -11.39957747,      -12.18657986,      -11.91891366,      -10.85127843,             0.448,    0.001081498517,     0.08126598521,                 0,                 0,                 0,    -0.03312157284,  -0.0006915669749,     0.08127023888,                 0,       75.14202186
          0,           0,         155,      -11.41043898,      -12.20038461,      -11.93053539,      -10.86204586,             0.448,    0.001081498518,     0.08126598542,                 0,                 0,                 0,    -0.03312157281,  -0.0006915669789,     0.08127023908,                 0,       75.14202202
          0,           0,         156,      -11.42118032,      -12.21423181,      -11.94200746,      -10.87268093,             0.448,    0.001081498518,     0.08126598561,                 0,                 0,                 0,    -0.03312157278,  -0.0006915669828,     0.08127023927,                 0,       75.14202217
          0,           0,         157,      -11.43183012,      -12.22815258,      -11.95333002,      -10.88321499,             0.448,    0.001081498518,      0.0812659858,                 0,                 0,                 0,    -0.03312157276,  -0.0006915669865,     0.08127023947,                 0,       75.14202232
          0,           0,         158,      -11.44241812,      -12.24214856,      -11.96451118,      -10.89368035,             0.448,    0.001081498519,     0.08126598599,                 0,                 0,                 0,    -0.03312157273,  -0.0006915669902,     0.08127023965,                 0,       75.14202246
          0,           0,         159,      -11.45297386,      -12.25621488,      -11.97556483,      -10.90410915,             0.448,    0.001081498519,     0.08126598617,                 0,                 0,                 0,    -0.03312157271,  -0.0006915669937,     0.08127023983,                 0,        75.1420226
          0,           0,         160,      -11.46352597,      -12.27034742,      -11.98651081,       -10.9145325,             0.448,    0.001081498519,     0.08126598634,                 0,                 0,                 0,    -0.03312157269,  -0.0006915669971,        0.08127024,                 0,       75.14202274
          0,           0,         161,      -11.47410151,      -12.28453351,      -11.99737053,      -10.92497959,             0.448,     0.00108149852,      0.0812659865,                 0,                 0,                 0,    -0.03312157267,  -0.0006915670003,     0.08127024016,                 0,       75.14202287
          0,           0,         162,      -11.48472554,      -12.29872788,      -12.00817062,      -10.93547769,             0.448,     0.00108149852,     0.08126598666,                 0,                 0,                 0,    -0.03312157266,  -0.0006915670035,     0.08127024032,                 0,       75.14202299
          0,           0,         163,      -11.49542028,      -12.31289291,      -12.01893722,      -10.94605067,             0.448,     0.00108149852,     0.08126598681,                 0,                 0,                 0,    -0.03312157264,  -0.0006915670064,     0.08127024047,                 0,       75.14202311
          0,           0,         164,      -11.50620559,      -12.32698251,      -12.02969818,      -10.95672001,             0.448,    0.001081498521,     0.08126598695,                 0,                 0,                 0,    -0.03312157263,  -0.0006915670093,     0.08127024062,                 0,       75.14202322
          0,           0,         165,      -11.51709758,      -12.34095528,      -12.04048104,      -10.96750309,             0.448,    0.001081498521,     0.08126598709,                 0,                 0,                 0,    -0.03312157262,  -0.0006915670121,     0.08127024075,                 0,       75.14202333
          0,           0,         166,      -11.52811019,      -12.35472298,        -12.051314,      -10.97841509,             0.448,    0.001081498521,     0.08126598722,                 0,                 0,                 0,    -0.03312157261,  -0.0006915670147,     0.08127024088,                 0,       75.14202344
          0,           0,         167,      -11.53925316,      -12.36823773,      -12.06221927,      -10.98946658,             0.448,    0.001081498521,     0.08126598734,                 0,                 0,                 0,    -0.03312157261,  -0.0006915670172,     0.08127024101,                 0,       75.14202354
          0,           0,         168,      -11.55053433,      -12.38143759,      -12.07322266,      -11.00066597,             0.448,    0.001081498521,     0.08126598746,                 0,                 0,                 0,     -0.0331215726,  -0.0006915670196,     0.08127024112,                 0,       75.14202364
          0,           0,         169,      -11.56195833,      -12.39424651,      -12.08434228,      -11.01201828,             0.448,    0.001081498521,     0.08126598757,                 0,                 0,                 0,     -0.0331215726,   -0.000691567022,     0.08127024123,                 0,       75.14202374
          0,           0,         170,      -11.57352721,      -12.40662317,      -12.09559812,      -11.02352583,             0.448,    0.001081498521,     0.08126598767,                 0,                 0,                 0,     -0.0331215726,  -0.0006915670242,     0.08127024134,                 0,       75.14202383
          0,           0,         171,      -11.58524062,       -12.4185392,      -12.10700237,      -11.03518826,             0.448,    0.001081498521,     0.08126598777,                 0,                 0,                 0,    -0.03312157259,  -0.0006915670264,     0.08127024143,                 0,       75.14202392
          0,           0,         172,      -11.59709667,      -12.42994926,      -12.11856847,      -11.04700329,             0.448,    0.001081498521,     0.08126598786,                 0,                 0,                 0,    -0.03312157259,  -0.0006915670284,     0.08127024152,                 0,       75.14202401
          0,           0,         173,      -11.60909139,      -12.44088894,      -12.13030646,      -11.05896693,             0.448,    0.001081498521,     0.08126598795,                 0,                 0,                 0,     -0.0331215726,  -0.0006915670305,     0.08127024161,                 0,        75.1420241
          0,           0,         174,      -11.62121987,      -12.45132783,      -12.14222299,      -11.07107341,             0.448,    0.001081498521,     0.08126598803,                 0,                 0,                 0,     -0.0331215726,  -0.0006915670324,     0.08127024169,                 0,       75.14202419
          0,           0,         175,      -11.63347592,      -12.46132559,      -12.15432374,      -11.08331622,             0.448,    0.001081498521,      0.0812659881,                 0,                 0,                 0,     -0.0331215726,  -0.0006915670342,     0.08127024176,                 0,       75.14202428
          0,           0,         176,      -11.64585276,      -12.47090884,       -12.1666093,      -11.09568775,             0.448,     0.00108149852,     0.08126598817,                 0,                 0,                 0,     -0.0331215726,   -0.000691567036,     0.08127024183,                 0,       75.14202436
          0,           0,         177,      -11.65834347,      -12.48017829,       -12.1790802,      -11.10818003,             0.448,     0.00108149852,     0.08126598823,                 0,                 0,                 0,    -0.03312157261,  -0.0006915670377,     0.08127024189,                 0,       75.14202444
          0,           0,         178,      -11.67094099,      -12.48919992,      -12.19173583,       -11.1207851,             0.448,     0.00108149852,     0.08126598829,                 0,                 0,                 0,    -0.03312157261,  -0.0006915670394,     0.08127024195,                 0,       75.14202452
          0,           0,         179,      -11.68363821,      -12.49804047,      -12.20457104,      -11.13349507,             0.448,    0.001081498519,     0.08126598834,                 0,                 0,                 0,    -0.03312157261,  -0.0006915670409,       0.081270242,                 0,        75.1420246
          0,           0,         180,      -11.69642844,      -12.50682237,       -12.2175809,      -11.14630199,             0.448,    0.001081498519,     0.08126598839,                 0,                 0,                 0,    -0.03312157262,  -0.0006915670424,     0.08127024205,                 0,       75.14202467
          0,           0,         181,      -11.70930605,      -12.51563045,      -12.23075858,       -11.1591993,             0.448,    0.001081498519,     0.08126598844,                 0,                 0,                 0,    -0.03312157262,  -0.0006915670438,      0.0812702421,                 0,       75.14202474
          0,           0,         182,      -11.72226547,      -12.52455733,      -12.24409454,      -11.17218033,             0.448,    0.001081498518,     0.08126598848,                 0,                 0,                 0,    -0.03312157263,  -0.0006915670451,     0.08127024214,                 0,       75.14202481
          0,           0,         183,      -11.73530172,      -12.53372179,      -12.25757841,      -11.18523917,             0.448,    0.001081498518,     0.08126598852,                 0,                 0,                 0,    -0.03312157263,  -0.0006915670464,     0.08127024218,                 0,       75.14202487
          0,           0,         184,      -11.74841158,      -12.54317956,      -12.27119864,       -11.1983715,             0.448,    0.001081498517,     0.08126598855,                 0,                 0,                 0,    -0.03312157264,  -0.0006915670476,     0.08127024221,                 0,       75.14202494
          0,           0,         185,       -11.7615911,      -12.55303434,      -12.28494138,      -11.21157275,             0.448,    0.001081498517,     0.08126598858,                 0,                 0,                 0,    -0.03312157264,  -0.0006915670486,     0.08127024224,                 0,       75.14202499
          0,           0,         186,      -11.77483822,      -12.56334001,      -12.29879052,      -11.22483959,             0.448,    0.001081498516,     0.08126598861,                 0,                 0,                 0,    -0.03312157265,  -0.0006915670497,     0.08127024227,                 0,       75.14202505
          0,           0,         187,      -11.78815039,      -12.57419762,      -12.31273181,      -11.23816928,             0.448,    0.001081498516,     0.08126598863,                 0,                 0,                 0,    -0.03312157265,  -0.0006915670506,      0.0812702423,                 0,        75.1420251
          0,           0,         188,      -11.80152602,      -12.58561951,      -12.32674642,      -11.25155934,             0.448,    0.001081498516,     0.08126598866,                 0,                 0,                 0,    -0.03312157266,  -0.0006915670514,     0.08127024232,                 0,       75.14202514
          0,           0,         189,      -11.81496324,      -12.59767015,      -12.34081652,       -11.2650076,             0.448,    0.001081498515,     0.08126598868,                 0,                 0,                 0,    -0.03312157266,  -0.0006915670522,     0.08127024234,                 0,       75.14202518
          0,           0,         190,      -11.82846043,      -12.61038687,      -12.35492268,      -11.27851181,             0.448,    0.001081498515,      0.0812659887,                 0,                 0,                 0,    -0.03312157267,  -0.0006915670529,     0.08127024236,                 0,       75.14202522
          0,           0,         191,       -11.8420158,      -12.62378675,       -12.3690446,      -11.29207026,             0.448,    0.001081498515,     0.08126598871,                 0,                 0,                 0,    -0.03312157267,  -0.0006915670536,     0.08127024238,                 0,       75.14202525
          0,           0,         192,      -11.85562705,      -12.63789987,      -12.38316258,      -11.30568057,             0.448,    0.001081498515,     0.08126598873,                 0,                 0,                 0,    -0.03312157268,  -0.0006915670541,     0.08127024239,                 0,       75.14202529
          0,           0,         193,      -11.86929136,      -12.65269704,      -12.39725637,       -11.3193397,             0.448,    0.001081498514,     0.08126598874,                 0,                 0,                 0,    -0.03312157268,  -0.0006915670546,      0.0812702424,                 0,       75.14202531
          0,           0,         194,      -11.88300548,      -12.66819793,      -12.41130502,      -11.33304488,             0.448,    0.001081498514,     0.08126598876,                 0,                 0,                 0,    -0.03312157268,  -0.0006915670551,     0.08127024242,                 0,       75.14202533
          0,           0,         195,      -11.89676492,      -12.68439165,      -12.42528979,      -11.34679187,             0.448,    0.001081498514,     0.08126598877,                 0,                 0,                 0,    -0.03312157269,  -0.0006915670554,     0.08127024243,                 0,       75.14202535
          0,           0,         196,      -11.91056442,      -12.70127138,      -12.43919194,      -11.36057573,             0.448,    0.001081498514,     0.08126598878,                 0,                 0,                 0,    -0.03312157269,  -0.0006915670558,     0.08127024244,                 0,       75.14202537
          0,           0,         197,      -11.92439851,      -12.71874245,      -12.45299619,      -11.37439135,             0.448,    0.001081498514,     0.08126598879,                 0,                 0,                 0,    -0.03312157269,   -0.000691567056,     0.08127024245,                 0,       75.14202538
          0,           0,         198,      -11.93825978,      -12.73676663,      -12.46668782,      -11.38823204,             0.448,    0.001081498514,      0.0812659888,                 0,                 0,                 0,    -0.03312157269,  -0.0006915670563,     0.08127024246,                 0,        75.1420254
          0,           0,         199,      -11.95214087,      -12.75530124,      -12.48025618,      -11.40209085,             0.448,    0.001081498514,      0.0812659888,                 0,                 0,                 0,     -0.0331215727,  -0.0006915670565,     0.08127024246,                 0,        75.1420254
          0,           0,         200,      -11.96603365,       -12.7742528,      -12.49369324,       -11.4159603,             0.448,    0.001081498514,     0.08126598881,                 0,                 0,                 0,     -0.0331215727,  -0.0006915670566,     0.08127024247,                 0,       75.14202541
          0,           0,         201,      -11.97992881,      -12.79354422,      -12.50699226,      -11.42983172,             0.448,    0.001081498514,     0.08126598882,                 0,                 0,                 0,     -0.0331215727,  -0.0006915670567,     0.08127024248,                 0,       75.14202541
          0,           0,         202,      -11.99381719,      -12.81306506,      -12.52015468,       -11.4436967,             0.448,    0.001081498514,     0.08126598882,                 0,                 0,                 0,     -0.0331215727,  -0.0006915670568,     0.08127024248,                 0,       75.14202542
          0,           0,         203,      -12.00768923,      -12.83269983,      -12.53318212,        -11.457546,             0.448,    0.001081498514,     0.08126598883,                 0,                 0,                 0,     -0.0331215727,  -0.0006915670568,     0.08127024249,                 0,       75.14202542
          0,           0,         204,      -12.02153593,      -12.85233247,      -12.54608057,      -11.47137105,             0.448,    0.001081498514,     0.08126598884,                 0,                 0,                 0,     -0.0331215727,  -0.0006915670569,      0.0812702425,                 0,       75.14202541
          0,           0,         205,      -12.03534833,      -12.87181883,      -12.55885997,      -11.48516358,             0.448,    0.001081498514,     0.08126598884,                 0,                 0,                 0,    -0.03312157271,  -0.0006915670569,      0.0812702425,                 0,       75.14202541
          0,           0,         206,      -12.04911844,      -12.89102555,      -12.57153622,      -11.49891594,             0.448,    0.001081498514,     0.08126598885,                 0,                 0,                 0,    -0.03312157271,  -0.0006915670569,     0.08127024251,                 0,       75.14202541
          0,           0,         207,      -12.06283879,      -12.90982985,      -12.58412649,      -11.51262076,             0.448,    0.001081498515,     0.08126598885,                 0,                 0,                 0,    -0.03312157271,  -0.0006915670569,     0.08127024251,                 0,        75.1420254
          0,           0,         208,       -12.0765036,      -12.92813141,      -12.59664818,      -11.52627265,             0.448,    0.001081498515,     0.08126598886,                 0,                 0,                 0,    -0.03312157271,  -0.0006915670568,     0.08127024252,                 0,        75.1420254
          0,           0,         209,      -12.09010868,      -12.94579205,      -12.60912498,      -11.53986713,             0.448,    0.001081498515,     0.08126598886,                 0,                 0,                 0,    -0.03312157271,  -0.0006915670568,     0.08127024252,                 0,       75.14202539
          0,           0,         210,        -12.103651,      -12.96274103,      -12.62158339,      -11.55340138,             0.448,    0.001081498515,     0.08126598887,                 0,                 0,                 0,    -0.03312157271,  -0.0006915670567,     0.08127024253,                 0,       75.14202538
          0,           0,         211,      -12.11712988,      -12.97889497,      -12.63404693,       -11.5668745,             0.448,    0.001081498515,     0.08126598887,                 0,                 0,                 0,    -0.03312157271,  -0.0006915670567,     0.08127024253,                 0,       75.14202538
          0,           0,         212,      -12.13054607,      -12.99427877,      -12.64654058,      -11.58028731,             0.448,    0.001081498515,     0.08126598888,                 0,                 0,                 0,    -0.03312157271,  -0.0006915670566,     0.08127024254,                 0,       75.14202537
          0,           0,         213,      -12.14390339,      -13.00884586,      -12.65909197,      -11.59364267,             0.448,    0.001081498516,     0.08126598888,                 0,                 0,                 0,    -0.03312157271,  -0.0006915670565,     0.08127024255,                 0,       75.14202536
          0,           0,         214,      -12.15720609,      -13.02266192,      -12.67172564,      -11.60694463,             0.448,    0.001081498516,     0.08126598889,                 0,                 0,                 0,     -0.0331215727,  -0.0006915670565,     0.08127024255,                 0,       75.14202535
          0,           0,         215,      -12.17046058,      -13.03578078,      -12.68446574,      -11.62020004,             0.448,    0.001081498516,      0.0812659889,                 0,                 0,                 0,     -0.0331215727,  -0.0006915670564,     0.08127024256,                 0,       75.14202535
          0,           0,         216,      -12.18367542,      -13.04829168,      -12.69733191,       -11.6334162,             0.448,    0.001081498516,      0.0812659889,                 0,                 0,                 0,     -0.0331215727,  -0.0006915670564,     0.08127024256,                 0,       75.14202534
          0,           0,         217,      -12.19686006,      -13.06027465,      -12.71034447,      -11.64660198,             0.448,    0.001081498516,     0.08126598891,                 0,                 0,                 0,     -0.0331215727,  -0.0006915670563,     0.08127024257,                 0,       75.14202533
          0,           0,         218,      -12.21002514,      -13.07189647,       -12.7235177,      -11.65976793,             0.448,    0.001081498516,     0.08126598891,                 0,                 0,                 0,     -0.0331215727,  -0.0006915670563,     0.08127024257,                 0,       75.14202532
          0,           0,         219,      -12.22318154,      -13.08324948,      -12.73686342,      -11.67292518,             0.448,    0.001081498517,     0.08126598892,                 0,                 0,                 0,     -0.0331215727,  -0.0006915670562,     0.08127024258,                 0,       75.14202532
          0,           0,         220,      -12.23634147,      -13.09444759,      -12.75039218,      -11.68608491,             0.448,    0.001081498517,     0.08126598892,                 0,                 0,                 0,     -0.0331215727,  -0.0006915670562,     0.08127024259,                 0,       75.14202531
          0,           0,         221,      -12.24951664,      -13.10559478,      -12.76410569,      -11.69925849,             0.448,    0.001081498517,     0.08126598893,                 0,                 0,                 0,     -0.0331215727,  -0.0006915670562,     0.08127024259,                 0,       75.14202531
          0,           0,         222,      -12.26271801,      -13.11683225,      -12.77800467,      -11.71245658,             0.448,    0.001081498517,     0.08126598894,                 0,                 0,                 0,     -0.0331215727,  -0.0006915670561,      0.0812702426,                 0,        75.1420253
          0,           0,         223,      -12.27595619,      -13.12821979,      -12.79207948,      -11.72569041,             0.448,    0.001081498517,     0.08126598894,                 0,                 0,                 0,     -0.0331215727,  -0.0006915670561,      0.0812702426,                 0,        75.1420253
          0,           0,         224,      -12.28924106,      -13.13983444,      -12.80632542,      -11.73896928,             0.448,    0.001081498517,     0.08126598895,                 0,                 0,                 0,     -0.0331215727,  -0.0006915670561,     0.08127024261,                 0,        75.1420253
          0,           0,         225,      -12.30258126,       -13.1517325,      -12.82073029,      -11.75230211,             0.448,    0.001081498517,     0.08126598895,                 0,                 0,                 0,     -0.0331215727,  -0.0006915670561,     0.08127024261,                 0,       75.14202529
          0,           0,         226,      -12.31598344,      -13.16393892,      -12.83527165,      -11.76569498,             0.448,    0.001081498518,     0.08126598896,                 0,                 0,                 0,     -0.0331215727,  -0.0006915670562,     0.08127024262,                 0,       75.14202529
          0,           0,         227,      -12.32945369,      -13.17648893,      -12.84992906,      -11.77915493,             0.448,    0.001081498518,     0.08126598896,                 0,                 0,                 0,     -0.0331215727,  -0.0006915670562,     0.08127024262,                 0,       75.14202529
          0,           0,         228,      -12.34299372,      -13.18941908,      -12.86467644,      -11.79268388,             0.448,    0.001081498518,     0.08126598897,                 0,                 0,                 0,     -0.0331215727,  -0.0006915670562,     0.08127024263,                 0,       75.14202529
          0,           0,         229,      -12.35660608,      -13.20269545,      -12.87948551,      -11.80628455,             0.448,    0.001081498518,     0.08126598897,                 0,                 0,                 0,     -0.0331215727,  -0.0006915670563,     0.08127024263,                 0,       75.14202529
          0,           0,         230,      -12.37028894,      -13.21632271,      -12.89432478,      -11.81995516,             0.448,    0.001081498518,     0.08126598898,                 0,                 0,                 0,     -0.0331215727,  -0.0006915670564,     0.08127024264,                 0,       75.14202529
          0,           0,         231,      -12.38404052,      -13.23026706,      -12.90916104,      -11.83369487,             0.448,    0.001081498518,     0.08126598898,                 0,                 0,                 0,     -0.0331215727,  -0.0006915670564,     0.08127024264,                 0,        75.1420253
          0,           0,         232,      -12.39785633,      -13.24445347,      -12.92396108,      -11.84749876,             0.448,    0.001081498518,     0.08126598898,                 0,                 0,                 0,     -0.0331215727,  -0.0006915670565,     0.08127024265,                 0,        75.1420253
          0,           0,         233,      -12.41172839,      -13.25889117,      -12.93868706,      -11.86135972,             0.448,    0.001081498518,     0.08126598899,                 0,                 0,                 0,     -0.0331215727,  -0.0006915670566,     0.08127024265,                 0,        75.1420253
          0,           0,         234,      -12.42564977,      -13.27347904,      -12.95330646,      -11.87527124,             0.448,    0.001081498518,     0.08126598899,                 0,                 0,                 0,     -0.0331215727,  -0.0006915670567,     0.08127024265,                 0,       75.14202531
          0,           0,         235,       -12.4396096,      -13.28817058,      -12.96778597,      -11.88922296,             0.448,    0.001081498518,     0.08126598899,                 0,                 0,                 0,     -0.0331215727,  -0.0006915670568,     0.08127024266,                 0,       75.14202531
          0,           0,         236,      -12.45359641,      -13.30293325,       -12.9820962,      -11.90320346,             0.448,    0.001081498518,       0.081265989,                 0,                 0,                 0,     -0.0331215727,  -0.0006915670569,     0.08127024266,                 0,       75.14202532
          0,           0,         237,      -12.46759929,      -13.31765767,      -12.99621189,      -11.91720264,             0.448,    0.001081498518,       0.081265989,                 0,                 0,                 0,     -0.0331215727,   -0.000691567057,     0.08127024266,                 0,       75.14202532
          0,           0,         238,      -12.48160492,      -13.33235931,      -13.01011024,      -11.93120676,             0.448,    0.001081498518,       0.081265989,                 0,                 0,                 0,     -0.0331215727,  -0.0006915670571,     0.08127024266,                 0,       75.14202533
          0,           0,         239,      -12.49560029,      -13.34688605,      -13.02377538,       -11.9452029,             0.448,    0.001081498518,       0.081265989,                 0,                 0,                 0,     -0.0331215727,  -0.0006915670572,     0.08127024267,                 0,       75.14202534
          0,           0,         240,       -12.5095731,      -13.36129974,       -13.0371946,      -11.95918011,             0.448,    0.001081498517,     0.08126598901,                 0,                 0,                 0,     -0.0331215727,  -0.0006915670573,     0.08127024267,                 0,       75.14202534
          0,           0,         241,      -12.52350968,      -13.37551618,      -13.05036511,      -11.97312388,             0.448,    0.001081498517,     0.08126598901,                 0,                 0,                 0,     -0.0331215727,  -0.0006915670574,     0.08127024267,                 0,       75.14202535
          0,           0,         242,      -12.53739924,      -13.38949372,      -13.06328399,      -11.98702356,             0.448,    0.001081498517,     0.08126598901,                 0,                 0,                 0,     -0.0331215727,  -0.0006915670576,     0.08127024267,                 0,       75.14202536
          0,           0,         243,       -12.5512309,      -13.40325041,      -13.07596229,       -12.0008682,             0.448,    0.001081498517,     0.08126598901,                 0,                 0,                 0,     -0.0331215727,  -0.0006915670577,     0.08127024267,                 0,       75.14202537
          0,           0,         244,      -12.56499614,      -13.41678362,      -13.08841084,       -12.0146496,             0.448,    0.001081498517,     0.08126598901,                 0,                 0,                 0,     -0.0331215727,  -0.0006915670578,     0.08127024267,                 0,       75.14202537
          0,           0,         245,      -12.57868735,      -13.43013523,      -13.10064646,      -12.02835818,             0.448,    0.001081498517,     0.08126598901,                 0,                 0,                 0,     -0.0331215727,  -0.0006915670579,     0.08127024267,                 0,       75.14202538
          0,           0,         246,      -12.59229889,      -13.44338556,       -13.1126958,      -12.04199057,             0.448,    0.001081498517,     0.08126598901,                 0,                 0,                 0,     -0.0331215727,   -0.000691567058,     0.08127024267,                 0,       75.14202539
          0,           0,         247,      -12.60582683,      -13.45643365,      -13.12458137,      -12.05554129,             0.448,    0.001081498517,     0.08126598901,                 0,                 0,                 0,     -0.0331215727,  -0.0006915670582,     0.08127024267,                 0,        75.1420254
          0,           0,         248,      -12.61927033,      -13.46940254,      -13.13633407,      -12.06900864,             0.448,    0.001081498517,     0.08126598901,                 0,                 0,                 0,     -0.0331215727,  -0.0006915670583,     0.08127024267,                 0,       75.14202541
          0,           0,         249,      -12.63262907,      -13.48228812,      -13.14798494,      -12.08239314,             0.448,    0.001081498517,     0.08126598901,                 0,                 0,                 0,     -0.0331215727,  -0.0006915670584,     0.08127024267,                 0,       75.14202541
          0,           0,         250,      -12.64590558,      -13.49534213,      -13.15956567,      -12.09569688,             0.448,    0.001081498516,     0.08126598901,                 0,                 0,                 0,     -0.0331215727,  -0.0006915670585,     0.08127024267,                 0,       75.14202542
          0,           0,         251,      -12.65910344,      -13.50841492,      -13.17110562,      -12.10892143,             0.448,    0.001081498516,     0.08126598901,                 0,                 0,                 0,     -0.0331215727,  -0.0006915670586,     0.08127024267,                 0,       75.14202543
          0,           0,         252,      -12.67222955,      -13.52163034,      -13.18264254,       -12.1220748,             0.448,    0.001081498516,     0.08126598901,                 0,                 0,                 0,     -0.0331215727,  -0.0006915670587,     0.08127024267,                 0,       75.14202544
          0,           0,         253,      -12.68529005,      -13.53496966,      -13.19420001,      -12.13516241,             0.448,    0.001081498516,     0.08126598901,                 0,                 0,                 0,     -0.0331215727,  -0.0006915670588,     0.08127024267,                 0,       75.14202544
          0,           0,         254,      -12.69829167,      -13.54852704,      -13.20581136,      -12.14819029,             0.448,    0.001081498516,     0.08126598901,                 0,                 0,                 0,     -0.0331215727,  -0.0006915670589,     0.08127024267,                 0,       75.14202545
          0,           0,         255,      -12.71124426,      -13.56233125,      -13.21749603,      -12.16116902,             0.448,    0.001081498516,     0.08126598901,                 0,                 0,                 0,     -0.0331215727,   -0.000691567059,     0.08127024267,                 0,       75.14202546
          0,           0,         256,      -12.72415557,      -13.57633895,      -13.22927996,      -12.17410526,             0.448,    0.001081498516,     0.08126598901,                 0,                 0,                 0,     -0.0331215727,  -0.0006915670591,     0.08127024267,                 0,       75.14202546
          0,           0,         257,      -12.73703607,      -13.59063294,      -13.24118766,      -12.18700843,             0.448,    0.001081498516,     0.08126598901,                 0,                 0,                 0,     -0.0331215727,  -0.0006915670592,     0.08127024267,                 0,       75.14202547
          0,           0,         258,      -12.74989251,       -13.6051436,       -13.2532286,      -12.19988609,             0.448,    0.001081498516,     0.08126598901,                 0,                 0,                 0,     -0.0331215727,  -0.0006915670592,     0.08127024267,                 0,       75.14202548
          0,           0,         259,      -12.76273491,      -13.61987148,      -13.26541799,      -12.21274868,             0.448,    0.001081498515,     0.08126598901,                 0,                 0,                 0,     -0.0331215727,  -0.0006915670593,     0.08127024267,                 0,       75.14202548
          0,           0,         260,       -12.7755689,      -13.63486989,      -13.27776773,      -12.22559993,             0.448,    0.001081498515,     0.08126598901,                 0,                 0,                 0,     -0.0331215727,  -0.0006915670594,     0.08127024267,                 0,       75.14202549
          0,           0,         261,      -12.78840359,      -13.64995799,      -13.29028808,      -12.23845089,             0.448,    0.001081498515,       0.081265989,                 0,                 0,                 0,     -0.0331215727,  -0.0006915670594,     0.08127024267,                 0,       75.14202549
          0,           0,         262,      -12.80124227,        -13.665174,      -13.30297101,      -12.25130377,             0.448,    0.001081498515,       0.081265989,                 0,                 0,                 0,     -0.0331215727,  -0.0006915670595,     0.08127024266,                 0,        75.1420255
          0,           0,         263,      -12.81408833,      -13.68039256,      -13.31583558,      -12.26416274,             0.448,    0.001081498515,       0.081265989,                 0,                 0,                 0,    -0.03312157271,  -0.0006915670595,     0.08127024266,                 0,        75.1420255
          0,           0,         264,      -12.82694648,      -13.69560134,      -13.32886185,      -12.27703077,             0.448,    0.001081498515,       0.081265989,                 0,                 0,                 0,    -0.03312157271,  -0.0006915670596,     0.08127024266,                 0,        75.1420255
          0,           0,         265,      -12.83981824,      -13.71069047,      -13.34205901,      -12.28991151,             0.448,    0.001081498515,       0.081265989,                 0,                 0,                 0,    -0.03312157271,  -0.0006915670596,     0.08127024266,                 0,       75.14202551
          0,           0,         266,      -12.85270406,      -13.72559038,      -13.35542174,      -12.30280416,             0.448,    0.001081498515,       0.081265989,                 0,                 0,                 0,    -0.03312157271,  -0.0006915670597,     0.08127024266,                 0,       75.14202551
          0,           0,         267,      -12.86560409,      -13.74021595,      -13.36893113,      -12.31570858,             0.448,    0.001081498515,       0.081265989,                 0,                 0,                 0,    -0.03312157271,  -0.0006915670597,     0.08127024266,                 0,       75.14202551
          0,           0,         268,       -12.8785155,      -13.75444164,      -13.38258504,      -12.32862323,             0.448,    0.001081498515,       0.081265989,                 0,                 0,                 0,    -0.03312157271,  -0.0006915670597,     0.08127024266,                 0,       75.14202552
          0,           0,         269,      -12.89143668,      -13.76829456,      -13.39638313,      -12.34154517,             0.448,    0.001081498515,     0.08126598899,                 0,                 0,                 0,    -0.03312157271,  -0.0006915670597,     0.08127024266,                 0,       75.14202552
          0,           0,         270,      -12.90436468,      -13.78179517,      -13.41030389,      -12.35447141,             0.448,    0.001081498515,     0.08126598899,                 0,                 0,                 0,    -0.03312157271,  -0.0006915670597,     0.08127024265,                 0,       75.14202552
          0,           0,         271,      -12.91729549,      -13.79466373,      -13.42434118,      -12.36739936,             0.448,    0.001081498515,     0.08126598899,                 0,                 0,                 0,    -0.03312157271,  -0.0006915670598,     0.08127024265,                 0,       75.14202552
          0,           0,         272,      -12.93022649,      -13.80690001,      -13.43848558,      -12.38032618,             0.448,    0.001081498515,     0.08126598899,                 0,                 0,                 0,    -0.03312157271,  -0.0006915670598,     0.08127024265,                 0,       75.14202552
          0,           0,         273,      -12.94315542,      -13.81871667,      -13.45272666,      -12.39324649,             0.448,    0.001081498515,     0.08126598899,                 0,                 0,                 0,    -0.03312157271,  -0.0006915670598,     0.08127024265,                 0,       75.14202552
          0,           0,         274,      -12.95607598,      -13.83003054,      -13.46704315,      -12.40615594,             0.448,    0.001081498515,     0.08126598899,                 0,                 0,                 0,    -0.03312157271,  -0.0006915670598,     0.08127024265,                 0,       75.14202552
          0,           0,         275,      -12.96898619,      -13.84107139,      -13.48144446,      -12.41905302,             0.448,    0.001081498515,     0.08126598899,                 0,                 0,                 0,    -0.03312157271,  -0.0006915670598,     0.08127024265,                 0,       75.14202553
          0,           0,         276,       -12.9818861,      -13.85157176,      -13.49590209,      -12.43193801,             0.448,    0.001081498515,     0.08126598899,                 0,                 0,                 0,    -0.03312157271,  -0.0006915670598,     0.08127024265,                 0,       75.14202553
          0,           0,         277,      -12.99477216,      -13.86161921,      -13.51042249,      -12.44480486,             0.448,    0.001081498515,     0.08126598899,                 0,                 0,                 0,    -0.03312157271,  -0.0006915670598,     0.08127024265,                 0,       75.14202553
          0,           0,         278,      -13.00763991,      -13.87164789,      -13.52496566,      -12.45765088,             0.448,    0.001081498515,     0.08126598898,                 0,                 0,                 0,    -0.03312157271,  -0.0006915670597,     0.08127024265,                 0,       75.14202553
